"date","precipitation","temp_mean","temp_highest","temp_lowest","PM10","PM2.5","humidity","sunshine_sum","sunshine_rate","wind_mean","wind_max","rental"
2018-01-01,0.8,-1.3,3.8,-5.1,34,17,39.1,8.3,86.5,1.4,3.8,4950
2018-01-02,0.7,-1.8,1.8,-4.3,36,22,42,7.9,82.3,1.8,4.9,7136
2018-01-03,1.1,-4.7,-0.4,-7.1,31,19,42.3,8.6,88.7,2.2,3.5,7156
2018-01-04,0.3,-4.7,-0.7,-8.7,39,24,43,6.2,63.9,1.4,3.5,7102
2018-01-05,0.8,-3,1.6,-5.6,51,35,48.4,8.2,84.5,1.7,3.6,7705
2018-01-06,1.1,-2.8,2.9,-6.8,38,27,45.8,8.8,90.7,1.5,3.1,5681
2018-01-07,0.3,-0.8,2.8,-5.7,47,36,42.1,3.1,32,0.8,2.5,5220
2018-01-08,0.9,1.3,4,-1.2,49,37,51.9,0.5,5.2,1.8,7.1,6309
2018-01-09,0.5,-4.2,-1.2,-6.1,37,19,59.4,8.4,86.6,2.9,6.1,5988
2018-01-10,0.3,-7.5,-4.8,-10.3,27,13,52,8.8,89.8,3,6.1,4476
2018-01-11,1.9,-11.1,-7.4,-13.6,30,22,49.8,8.7,88.8,2.8,4.9,4337
2018-01-12,0,-10.2,-5.4,-15.3,21,14,35.4,8.8,89.8,1.7,3.6,4401
2018-01-13,0.4,-4.4,-1.2,-6.6,48,37,67.3,0.9,9.2,0.8,1.7,3756
2018-01-14,1.4,0.6,5.4,-4.4,64,50,64.1,5.6,57.1,1.2,2.8,4675
2018-01-15,0.2,4.7,7.7,1.8,63,45,63.9,6.5,65.7,1.4,3.3,6993
2018-01-16,0,3.5,6.8,0.1,97,74,59.1,0.5,5.1,0.7,2.2,7421
2018-01-17,1.7,4.5,8.7,2.4,99,78,64.1,4.8,48.5,1.2,3.7,6990
2018-01-18,0,2.1,4.5,0.3,80,56,59.6,0,0,1.9,3.8,7054
2018-01-19,0.6,1,5.5,-2.5,51,28,43,8.7,87.9,1.6,3.7,8329
2018-01-20,0.4,2.2,6.9,-1,86,56,57.6,5.3,53,1.6,3.6,6148
2018-01-21,0.8,0.4,5.5,-3.7,52,33,36.6,8.2,82,1,3.2,5574
2018-01-22,3.3,0.2,4,-5.3,38,21,56.5,0.7,7,1.5,5.1,4929
2018-01-23,2.9,-11.7,-5.3,-14.6,21,12,42,9.1,90.1,3.7,5.4,4263
2018-01-24,3.4,-14.2,-10.7,-16.3,26,10,31.6,8.9,88.1,3.4,7.2,3370
2018-01-25,2.6,-14,-9.5,-16.4,22,12,32.6,8.3,82.2,2.8,4.8,3307
2018-01-26,5.7,-14.8,-10.7,-17.8,28,18,34.9,0,0,2.6,4.6,3116
2018-01-27,1.5,-9.9,-3.5,-15.9,37,26,37.4,9,88.2,1.4,3.4,2833
2018-01-28,1.3,-6.3,-1.2,-9.3,26,17,36,7.6,74.5,2.6,5.6,3028
2018-01-29,1.3,-8.5,-4.7,-11.6,39,16,35,8.9,87.3,2.7,6.2,4425
2018-01-30,2.9,-5.3,-0.8,-11.4,36,20,62,5.6,54.4,1.3,3.8,3591
2018-01-31,0,-2.6,0,-5.2,35,18,54.5,1.8,17.5,1.6,3.4,4104
2018-02-01,0.7,-4,1.2,-8.8,34,21,44.1,9.1,88.3,1.6,3.9,5821
2018-02-02,1,-2.4,3.8,-7.6,48,32,51.1,8.8,84.6,1.6,3.6,6557
2018-02-03,0.5,-7.3,-2.1,-10.4,31,19,47,9.1,87.5,3.8,5.7,3499
2018-02-04,1.6,-9.5,-5.2,-12.8,27,20,40.9,9.1,87.5,3.1,5.6,2642
2018-02-05,1.8,-9.4,-5.1,-11.8,23,14,37.8,9.3,88.6,3,5.6,4213
2018-02-06,1.8,-10.1,-5.8,-12.8,27,17,36.5,9,85.7,3.1,4.9,4257
2018-02-07,1.1,-8,-1.6,-13.4,34,23,39.8,9.2,87.6,1.5,3.3,5028
2018-02-08,1.1,-4.4,2,-9.7,45,32,43.3,9.2,86.8,1.2,3,6114
2018-02-09,0,0.4,6.1,-5.3,63,48,43.9,2.2,20.8,1.1,3,6905
2018-02-10,0.9,-0.5,3.2,-6.9,66,39,47.4,5.3,50,3,6.3,4829
2018-02-11,0,-6.1,-2.2,-9.5,44,13,42.5,6.6,61.7,2.7,5.1,3047
2018-02-12,0,-5.8,-1.8,-9.6,41,13,40.8,8.7,81.3,2.7,5.2,5231
2018-02-13,2.2,-0.8,4.3,-7.4,43,14,54.5,8.3,76.9,2.7,5.6,6863
2018-02-14,1.7,3.5,8.7,-0.7,59,27,51,3.3,30.6,2.6,5.4,7477
2018-02-15,4.7,-0.7,4,-3.7,32,14,28,0,0,2.5,4.4,3935
2018-02-16,1.4,-1.1,4.9,-5.5,41,16,40.1,9.7,89,2.1,5.5,3047
2018-02-17,1.3,-3,1.4,-7.1,36,14,25.6,9,82.6,2.9,5.5,3494
2018-02-18,1.5,-0.4,5.2,-4.9,30,14,26.9,7.2,66.1,1.3,3.5,5191
2018-02-19,0.3,1.8,6.8,-1.9,51,33,48.6,4.8,43.6,1.5,3,8563
2018-02-20,0.7,0.9,5.5,-2.4,51,32,41,8.3,75.5,2.5,5.8,8899
2018-02-21,1.2,-0.9,4.4,-4.5,32,17,31.5,9.8,89.1,2.3,5.2,8342
2018-02-22,0.4,1.3,5.4,-3.9,42,25,59,6.4,57.7,2.2,5.2,8580
2018-02-23,3.7,4.2,8.6,-0.3,79,55,81.1,4.8,43.2,1.9,5,6408
2018-02-24,0.6,2.4,7.2,-1.1,68,47,49.4,7.6,67.9,2.1,3.9,7198
2018-02-25,1.2,1.9,7.9,-1.6,36,25,40.6,9.2,82.1,1.7,3.8,7595
2018-02-26,1.3,3.1,10.4,-3.2,55,36,43.1,10.2,91.1,1.4,3.6,10712
2018-02-27,0.8,4.2,6.9,0.6,82,55,48.8,0,0,0.9,1.8,10064
2018-02-28,25,4.6,7.8,1.8,67,43,73.3,0,0,2,3.7,4230
2018-03-01,0.5,-0.2,3,-4.3,35,26,61.9,8.7,76.3,3.8,6.9,5761
2018-03-02,0.6,-0.7,5.4,-6.7,58,24,34,10.3,90.4,1.5,3.3,9388
2018-03-03,0,7.9,16.2,-0.1,52,26,38.1,10.1,88.6,1.5,3.9,16029
2018-03-04,11.5,9.8,11.9,7.6,28,19,89.1,0,0,1.2,3.5,5373
2018-03-05,3.5,5.5,11.4,1.3,8,5,67.5,7,60.9,2,3.5,9943
2018-03-06,2.2,4.5,10.9,-1.1,26,15,46.8,10.6,91.4,1.6,3.7,14028
2018-03-07,0.5,6.4,10.7,2.2,25,14,54,3,25.9,1.8,3.2,12925
2018-03-08,4,4.6,9.7,2.7,29,23,76,5.1,44,1.9,4.5,8812
2018-03-09,0.9,4.5,9.6,1.4,41,31,63.3,5.1,43.6,1.5,4.2,13573
2018-03-10,2.7,4.6,9.7,0.7,43,31,65.8,7.9,67.5,2,5.9,13324
2018-03-11,1.9,6.4,12.2,2.7,52,35,51.3,9.8,83.1,2,4.2,15136
2018-03-12,0.9,8,15.5,2.2,80,52,45.8,7.5,63.6,1.4,4.2,15913
2018-03-13,2.2,12.4,18.8,5.2,59,37,60.5,6.6,55.9,1.8,4.3,19514
2018-03-14,2.4,17,22.1,13.6,22,11,58.8,7.9,66.4,2.3,5,24911
2018-03-15,27,12.4,16.6,8.4,18,12,92.1,0,0,2.1,4.8,7091
2018-03-16,3.5,7.1,12.2,3.6,12,6,46.9,11,91.7,1.9,3.1,18415
2018-03-17,2,6.6,14,0.5,26,16,48,9.1,75.8,1.5,3.8,20165
2018-03-18,0.5,8.2,12.5,5.4,52,36,55.9,0,0,1.2,2.9,11740
2018-03-19,1,8,10.4,6.2,30,23,64.5,0,0,2.5,4.2,10297
2018-03-20,3,4.7,9.1,1.6,18,7,39.9,5.4,44.6,3.4,4.8,13205
2018-03-21,1,2.1,5.3,1.1,45,29,64.1,0.4,3.3,1.7,3.3,8225
2018-03-22,3.2,4.9,11.6,0.6,45,28,61.5,10.7,87.7,2.2,5,16420
2018-03-23,1.6,6.1,12.5,1.8,50,31,55.3,8.7,71.3,2,4.2,17904
2018-03-24,1.9,7.6,13.1,4,50,32,61.9,7.2,58.5,2.1,4.4,14914
2018-03-25,3,9.6,16.9,4.6,54,37,65.6,9.5,77.2,1.7,3.5,13942
2018-03-26,3.3,11,18.1,5.3,52,34,64.5,9.1,73.4,1.9,4.4,15505
2018-03-27,2.7,13.3,20,7.7,53,35,61.1,7.9,63.7,1.6,3.9,17456
2018-03-28,2.5,14,19,9.4,37,21,66.4,5.2,41.6,2.2,4.8,21232
2018-03-29,2.9,15.4,21.1,11.8,45,29,66.3,7.5,60,1.6,4,21436
2018-03-30,2.9,14.8,21.9,9.8,44,28,55.6,9.9,79.2,1.7,3.8,24411
2018-03-31,2.1,14,20.1,9.3,46,27,52.9,7.9,62.7,1.9,4.5,25673
2018-04-01,2.5,15.6,18.5,11.7,33,18,68.8,1.3,10.3,1.5,3.5,22994
2018-04-02,1.5,18.4,23.7,14.9,35,20,64,5.6,44.4,1.9,4.5,28139
2018-04-03,0.1,17.8,21.2,14.9,23,13,72.9,0.8,6.3,2.1,4.4,26817
2018-04-04,18.5,13.4,18.2,9.5,40,24,67,8,63,1.9,5.1,26034
2018-04-05,10.5,7.6,9.5,6.7,19,12,90.6,0,0,2,3.5,2833
2018-04-06,6.5,5.8,8.6,3,31,19,71.6,4,31.3,3.1,5.7,13297
2018-04-07,0.2,4.2,8.6,1.4,40,18,45.5,9,70.3,4.1,6,13088
2018-04-08,3,3.9,7.9,0.6,52,33,59.6,3.3,25.6,1.8,3.6,7758
2018-04-09,2.4,7.9,15.4,0.1,32,22,57.9,9.5,73.6,1.1,2.9,23925
2018-04-10,5,15.1,21.9,6.9,37,18,51,6.3,48.5,3.5,8.8,20423
2018-04-11,5.4,12.6,17.3,8.7,53,20,49.4,11.8,90.8,3,6.1,25557
2018-04-12,4,13.3,19.6,6.8,40,14,30.5,12,92.3,2.6,6.2,28885
2018-04-13,5.1,14.6,19.3,8.3,29,13,22.9,2.7,20.6,1.3,3.7,29497
2018-04-14,9,9,14.8,7.5,18,10,78.8,0.3,2.3,1.8,4.1,8216
2018-04-15,4.6,9.5,14.2,5.6,61,17,65.5,8.6,65.2,2.4,4.9,12721
2018-04-16,3.2,11.6,18.8,4.9,33,20,41.9,12.3,93.2,1.6,4.7,29589
2018-04-17,3.8,12.9,20.1,6.8,50,25,37.9,12.2,92.4,1.9,5.5,28236
2018-04-18,2.7,12.4,19.3,6.2,57,27,35.4,12,90.2,1.9,3.9,23499
2018-04-19,3.2,14,20.5,7.4,70,32,38.8,11.4,85.7,1.9,5.1,20400
2018-04-20,3.3,18.4,26.3,11,39,25,46,11.3,84.3,1.3,3.6,28351
2018-04-21,3.6,18.7,25.6,12.3,66,36,32,12.4,92.5,1.9,4.6,33144
2018-04-22,15.5,15.5,21,10.7,33,18,57.4,0,0,1.1,2.9,8095
2018-04-23,59,9.3,10.7,8.4,9,6,93.9,0,0,2.2,3,1037
2018-04-24,3,12.1,16.1,8.9,7,4,63.3,0,0,1.4,2.8,24560
2018-04-25,3.3,14.6,23.3,5.7,30,22,37.8,12.4,91.9,1.5,4.4,33728
2018-04-26,3.7,14.9,22.1,10,39,26,51.9,11.7,86,2.1,5.1,32547
2018-04-27,2.8,15.7,23.3,9.7,48,33,52.9,11.3,83.1,1.7,3.8,32989
2018-04-28,3.6,15.4,21.7,10.5,56,35,49,12.4,91.2,2,4.8,33738
2018-04-29,3,16.2,22.9,9.4,47,27,43.1,11.6,84.7,1.9,4.3,35159
2018-04-30,1.7,19.2,25,14.1,70,47,61.6,9.2,67.2,1.6,3.6,32629
2018-05-01,0,20.4,23.3,17.8,52,36,72.8,3.2,23.4,1.5,4,34593
2018-05-02,12,15.1,19.7,8.7,41,30,90.4,0,0,1.9,5.2,8374
2018-05-03,1,11.2,14.7,6.9,24,12,62.4,8.2,59.4,2.7,5.3,25963
2018-05-04,4.9,14.1,20,8.8,37,15,45.5,12.4,89.9,2.7,5.9,34058
2018-05-05,3.6,18.3,24.6,11.6,34,17,46.8,11,79.1,2.6,4.8,37389
2018-05-06,22,16.6,20.7,15,13,8,86.4,3.2,23,1.1,3.9,19809
2018-05-07,1.8,19.2,25.5,14,30,16,60.3,7.1,51.1,1.2,3.7,40026
2018-05-08,3.2,17.5,22.9,11.6,15,7,50.9,11.3,80.7,1.7,2.7,33738
2018-05-09,2.7,15.7,21.8,9.2,19,7,50.4,12.6,90,1.7,3.6,37851
2018-05-10,4.8,15.4,21.4,11.3,35,18,67.4,12.3,87.9,2.3,5.4,36549
2018-05-11,0.5,16.1,21.3,11.9,51,29,59.8,5.3,37.6,1.8,3.5,33923
2018-05-12,32,14.2,16.1,11.8,27,17,89.3,0,0,0.9,2.9,3551
2018-05-13,0.5,15.8,20,12.7,18,12,82.5,6.9,48.9,1.9,3.9,35668
2018-05-14,1.9,18.2,24.5,11.9,58,37,71.4,7.2,50.7,1.4,3.4,35918
2018-05-15,0,23.2,29.3,15.4,66,46,56.4,8.9,62.7,1.1,3.4,36476
2018-05-16,45,22.3,24.4,21.8,32,22,93.8,0,0,1.9,6.1,7072
2018-05-17,83,20.9,23.5,18.8,13,8,97,0,0,1.4,8,3802
2018-05-18,6.5,16.3,19.3,12.2,19,10,86.8,0.4,2.8,1.3,2.7,19629
2018-05-19,2.8,17.6,24.7,10.3,24,13,47.5,12.7,88.8,1.5,2.9,43471
2018-05-20,5.2,17,22.6,11.5,9,5,32.1,4.2,29.4,1.4,2.8,39036
2018-05-21,2.6,17.8,23.7,11.3,8,5,43.9,8.8,61.5,1.4,3.5,42039
2018-05-22,12.5,18.1,23.2,15.4,31,17,75.5,2.7,18.8,1.1,3.1,17444
2018-05-23,6.5,17.3,23.3,13.6,36,18,57.1,12.7,88.2,2.5,5,35975
2018-05-24,4.2,18.3,23.7,11.2,43,21,47.4,12.5,86.8,2.2,5.4,36858
2018-05-25,3,19.7,26.2,13.8,41,24,47.4,12.1,84,1.8,4.5,37569
2018-05-26,2.8,21.8,29.6,14,37,25,50.1,12.6,86.9,1.4,4,37761
2018-05-27,0.3,20.3,24.7,17.3,56,25,47.4,4.7,32.4,1.7,4.1,39534
2018-05-28,2.7,22.3,29.1,16.2,41,20,49.8,12.5,86.2,1.6,4.3,40775
2018-05-29,1,21.4,25.9,19.1,29,17,69.3,3.4,23.4,1.8,4.4,29925
2018-05-30,0,20.2,24.7,15.8,30,19,69.8,9.8,67.6,1.9,4.4,39214
2018-05-31,2.6,20.9,27.6,14.2,30,19,58.9,12.9,88.4,1.9,3.6,41619
2018-06-01,2.8,23.8,30.2,17.5,35,20,50.4,12.9,88.4,1.9,4.3,41970
2018-06-02,3.3,23.4,30.1,17.6,43,27,44.5,12.8,87.7,2,4.5,41677
2018-06-03,3.2,24,30.8,16.9,37,23,39.4,12.9,88.4,1.6,4.2,40565
2018-06-04,0.8,22.6,27.5,18.9,36,24,50.1,9.2,63,1.9,4.4,44014
2018-06-05,1.7,23.7,29.2,17.7,32,22,52.5,11.4,77.6,1.7,4,44118
2018-06-06,2.2,23,27.9,18.4,29,19,62.9,12.7,86.4,2,4,40440
2018-06-07,1.6,22.2,29.4,17.8,28,18,69.3,9.4,63.9,2,4.1,42038
2018-06-08,0.6,21.9,27,18.5,21,13,68,7.1,48.3,2.1,3.7,46516
2018-06-09,0.5,23.7,30.1,18.9,30,19,60.6,7.9,53.7,1.4,3.5,32839
2018-06-10,0.5,21.3,24.9,18.3,20,10,59.9,1.4,9.5,1.4,2.9,39277
2018-06-11,5,20.2,23.9,18,35,21,67.3,3.3,22.4,1.4,4.3,30605
2018-06-12,0,21.3,27.1,16.6,31,20,65.5,12.1,82.3,1.7,4.7,46201
2018-06-13,0,22,27,18.3,36,22,64,4.9,33.3,1.5,5.1,49116
2018-06-14,29,21.6,25.1,18.8,30,18,74.9,1.4,9.5,1.1,3.7,30511
2018-06-15,16.5,21.7,27,17.2,20,12,60.8,9.8,66.2,1.4,2.7,45103
2018-06-16,1.9,22.5,28.7,16.3,21,14,56.4,13,87.8,1.4,2.8,46457
2018-06-17,0.3,22.8,27.5,18.9,33,20,66.9,2.4,16.2,1.3,3.9,43484
2018-06-18,2.2,24.8,30.8,19.9,32,22,54.9,12.6,85.1,1.5,4,36316
2018-06-19,0,22.4,27.2,19.1,22,12,61.3,3.1,20.9,1.8,3.6,47296
2018-06-20,1.4,22.7,28.4,19.1,25,16,68.1,10.2,68.9,2.3,4.2,46612
2018-06-21,2.1,23.7,28.7,19.4,29,17,60.1,12.6,85.1,2.2,4.4,47762
2018-06-22,2.5,25,32,18.2,38,23,45.1,12.4,83.8,1.8,4.3,47478
2018-06-23,0.1,24.5,28.9,20.9,29,17,50.6,8.5,57.4,2,4.4,45663
2018-06-24,1.9,25.2,32.1,20.1,28,19,62.8,11.1,75,1.9,3.7,39548
2018-06-25,1.3,27.1,32.9,21.3,23,14,57.1,7.8,52.7,1.2,3.2,46565
2018-06-26,71.5,22.3,26.9,20.2,51,34,88.3,0,0,2.4,5.7,6391
2018-06-27,1,22.3,25.5,19.1,21,14,81.9,2.9,19.6,2,4.5,41128
2018-06-28,26.5,23.3,27.3,20.6,28,18,85.1,1.9,12.8,1.1,4.3,27757
2018-06-29,6.5,24.7,29.1,21.9,22,15,78.5,8.4,56.8,1.5,3.2,42765
2018-06-30,14.5,24.4,27.9,21.6,50,34,83.8,0.5,3.4,0.9,5.1,26911
2018-07-01,83.5,21.9,22.8,21,11,8,94.6,0,0,0.8,2.3,4358
2018-07-02,59.5,22.6,25.3,20.6,10,7,95.4,0.1,0.7,0.7,2.9,6261
2018-07-03,0.1,27.4,32.6,22.5,11,8,74.4,10.1,68.7,0.8,2.6,41350
2018-07-04,1,27.3,31.8,24,25,17,69.6,8.4,57.1,1.7,3.9,45741
2018-07-05,0.5,25.3,29,23.4,23,14,72.8,1.7,11.6,1.2,3,39804
2018-07-06,0,23.9,27.1,21.5,6,3,57.8,2.6,17.7,1.8,3.4,49521
2018-07-07,0,23.7,29.2,19.5,7,5,51.4,0,0,1.6,2.3,48015
2018-07-08,2.4,23.3,28.1,17.7,11,8,51.5,9.5,65.1,1.5,2.8,48132
2018-07-09,14,20.8,24.2,20.1,9,7,82.3,0,0,1.1,1.8,8155
2018-07-10,16.5,23.7,26.5,20.4,19,13,87.8,0,0,0.7,1.6,27956
2018-07-11,3,26.8,29.5,24.4,34,23,82.9,0.1,0.7,1.3,3.9,35390
2018-07-12,1,26.6,28.2,25.1,28,18,82.4,1.1,7.5,1.5,3.6,43611
2018-07-13,2.1,27.3,30.9,24.7,22,17,74.8,7,47.9,1.8,3.4,44976
2018-07-14,0,27.9,31.9,24.6,20,15,69.6,11.3,77.9,1.9,4.2,39205
2018-07-15,2.3,28.3,33.2,24.5,23,18,69.6,11,75.9,1.6,3.7,34957
2018-07-16,1.9,28.7,34,24,24,20,64.3,12.9,89,1.7,3.6,40964
2018-07-17,1.6,28.1,32.1,23.9,28,25,66.5,13,89.7,1.7,4.1,43323
2018-07-18,1.9,28.2,33.2,23.7,33,30,64.8,13,89.7,1.6,4.1,42609
2018-07-19,2.2,28.7,34.1,23.2,29,23,64.1,12.9,89.6,1.6,3.2,42316
2018-07-20,2.5,29.5,34.7,24.6,36,28,62.6,12.9,89.6,1.5,3.3,40337
2018-07-21,3.2,30.6,36.9,24.9,35,28,53.6,12.9,89.6,1.5,3.6,32360
2018-07-22,3.4,31.8,38,25.3,29,22,49.6,12.2,84.7,1.4,3.7,28250
2018-07-23,0.3,31.7,35.7,29.2,31,24,53.8,8,55.6,1.8,4,38003
2018-07-24,1.5,31.4,36.8,27.2,40,33,59.5,10.2,71.3,1.6,4,37486
2018-07-25,0,30.1,34.1,27.7,32,24,66.3,5.2,36.4,2.4,3.8,39225
2018-07-26,0,30.1,33.7,27.3,40,29,68.8,4.4,30.8,1.5,3.4,37796
2018-07-27,1.7,30.9,35.4,27.2,43,30,69.3,9.3,65.5,1.9,3.7,34985
2018-07-28,7.5,29.5,35.2,28,31,21,77.1,3.4,23.9,1.2,3.6,24649
2018-07-29,3.2,31.3,36.7,26.4,18,12,52.4,12.3,86.6,1.2,2.9,28317
2018-07-30,3.3,31.7,36.9,26.2,9,6,50.9,11,77.5,1.2,2.4,36701
2018-07-31,2.9,32.6,38.3,27.8,15,9,50.5,12,85.1,1.5,3.6,35262
2018-08-01,3.3,33.6,39.6,27.8,29,17,55.5,12.6,89.4,1.7,4,31169
2018-08-02,3.2,33.7,37.9,30.3,29,19,54.4,9.8,69.5,1.6,3.2,31321
2018-08-03,2.3,33.1,37.9,30,41,30,55.3,10.5,75,1.9,4.2,31646
2018-08-04,3.2,31.1,34.9,28,24,17,60.6,12.1,86.4,2.4,4.6,28174
2018-08-05,2,30,33.9,27.2,24,15,71.8,10.1,72.1,2.6,4.9,26989
2018-08-06,6.5,30.5,35.3,28.3,28,18,71.6,7.3,52.5,1.6,4.4,29113
2018-08-07,2.1,30.5,35.9,26.8,17,11,63.4,8.5,61.2,1.5,3.7,36983
2018-08-08,1.8,31,35.3,27.6,24,15,64.8,10.8,77.7,2.1,4.6,37140
2018-08-09,2,28.8,32.5,27.1,23,16,76.3,2.6,18.8,1.5,4.2,32216
2018-08-10,1.9,30.7,36.8,25.7,14,9,60.9,11.4,82.6,1.4,3.6,36178
2018-08-11,2.8,31,36,26.4,9,5,55.8,11.5,83.3,1.5,3.3,31293
2018-08-12,5,30.6,35.3,27.2,14,9,61.3,8.4,61.3,1.5,3.7,27363
2018-08-13,1,30.5,34.4,26.7,30,21,68.6,6.3,46,1.4,3.2,36076
2018-08-14,1.5,31.7,37.2,27.7,24,15,58.3,9.5,69.3,1.3,4,37659
2018-08-15,1,31.7,38,28.3,27,18,59.5,9.5,69.9,1.2,5.8,29270
2018-08-16,3.1,29.9,35.6,24.1,14,8,51,11,80.9,1.7,3,41358
2018-08-17,3.3,27.2,33.8,21.7,12,5,39.8,12.4,91.2,1.8,3.5,47634
2018-08-18,1.7,26.7,32.1,21.5,14,6,44.6,10.9,80.7,1.4,3.8,45629
2018-08-19,2,28.2,34.4,23,20,12,50.6,7.9,58.5,1.2,3.3,42281
2018-08-20,0,29.1,33.3,25.1,32,20,55.6,6,44.4,2,5.1,44243
2018-08-21,5,26.6,31,23.4,21,12,71.4,6.8,50.7,2.5,7.1,41964
2018-08-22,2,30.7,37.6,23.4,21,13,54.1,10.5,78.4,1.1,3.2,42425
2018-08-23,3,29.4,32.2,25.7,11,6,59.1,1.7,12.7,1.7,2.8,23616
2018-08-24,7.5,24.4,26.3,23.2,8,5,86.3,0,0,2.5,4.2,17319
2018-08-25,0.9,25.2,29.3,22.7,21,12,68,7.2,54.1,2.6,5.3,47109
2018-08-26,2,23.2,29,20.3,16,10,70,5.1,38.6,1.2,3.8,32200
2018-08-27,19.5,22.7,24.9,20.2,8,6,91,0,0,0.8,2.1,23382
2018-08-28,96.5,23.7,26.1,22.5,10,6,92.4,0,0,0.9,3.7,13495
2018-08-29,42,25.2,27.4,22.7,13,7,86,0.1,0.8,2.4,4.5,13001
2018-08-30,9.5,25.3,28.2,23.9,25,17,80.9,1.9,14.5,1.8,3.7,33158
2018-08-31,0.1,25.6,30.3,22.8,22,14,67.4,10.1,77.7,1.6,3.7,46101
2018-09-01,2.6,25.5,30.9,20.8,17,9,59.4,10.6,81.5,1.3,2.3,43847
2018-09-02,2.3,25.1,29.6,20.1,12,7,55.8,9.2,70.8,1.5,2.8,48427
2018-09-03,34.5,23.3,25.8,21.4,14,8,85.3,0,0,1,5.5,16086
2018-09-04,2.7,23.2,27.8,20,14,7,69.4,11,85.3,2.2,5.2,50500
2018-09-05,2.9,24,28.5,19.6,24,10,63.5,11.8,91.5,2.5,5.7,53984
2018-09-06,1,24.1,28.2,20.9,31,17,69.9,2.2,17.2,2,5,46532
2018-09-07,0.5,22,25.5,19.1,24,13,54.6,10.9,85.2,2.5,4.3,53230
2018-09-08,1.5,21.7,27.7,15.9,22,11,48.8,11.7,92.1,1.7,3.9,55470
2018-09-09,2.3,22.2,28.9,15.6,19,10,49,9.9,78,1.2,2.8,54213
2018-09-10,2.5,22.9,28.4,18.6,11,5,49.5,10.3,81.1,1.6,2.7,55188
2018-09-11,3.4,21.6,26.1,16.8,12,5,48.1,8.4,66.7,1.5,2.4,56212
2018-09-12,1.1,22.8,28.2,16.8,15,7,52,11.3,89.7,1.4,3.2,57363
2018-09-13,2.4,23.5,28.3,20.3,16,7,63.5,5,40,1.2,2.4,55791
2018-09-14,0.5,23.5,26.8,20.3,17,10,66.9,1.6,12.8,1.3,2.6,49383
2018-09-15,0.2,23.3,26,21,11,6,76,0.8,6.4,1,2.4,44808
2018-09-16,2,22.2,23.9,21,34,21,83.6,0,0,1.7,3.7,24317
2018-09-17,0.1,22.3,27.7,18.5,23,14,64.3,10.8,87.1,1.9,3.8,55335
2018-09-18,1.4,22,26.5,17.7,31,16,59.8,7.9,64.2,1.2,3.4,57691
2018-09-19,0.2,22.1,26.6,18.9,35,18,59.1,2.1,17.1,1,2.9,44096
2018-09-20,5,19,20.1,17.8,13,8,82.4,0,0,1.8,2.9,23616
2018-09-21,18,19.4,21.9,17.6,7,4,85.8,0.6,4.9,1.3,2.3,32242
2018-09-22,6.5,20.8,25.5,17.2,27,11,62.3,10.8,88.5,1.8,5.3,49688
2018-09-23,0,19.4,25.3,15.6,26,10,52.9,7.4,61.2,1.6,4.3,38635
2018-09-24,2.9,17.6,22.1,14.2,13,6,48.3,11,90.9,2.1,4.4,36406
2018-09-25,3,17.8,24.3,10.8,14,7,48,10,82.6,1.1,2.2,49595
2018-09-26,3.4,19.4,24.8,16.2,8,5,47.9,8.4,70,1.7,2.7,57730
2018-09-27,2.5,18.9,25,13.2,9,5,47.6,10.3,85.8,1.3,2.4,58200
2018-09-28,2.7,17.5,22.2,14.3,12,7,58.1,3.5,29.4,1.2,2.1,59649
2018-09-29,1.8,20.2,27,14.6,14,9,55.5,10.8,90.8,1,2.4,63866
2018-09-30,2.2,17.6,21.6,14,19,10,52.5,10.4,87.4,2.3,5.5,55893
2018-10-01,0,15.4,19.7,13,16,9,55.1,7.9,66.9,2.9,6.1,51808
2018-10-02,1.4,15.9,22,10.3,22,13,61.4,10.8,91.5,1.6,4.1,57280
2018-10-03,1.1,17.3,24.2,11.2,24,14,58,10.6,90.6,1.3,4,64671
2018-10-04,3.1,19.3,25.6,13,21,12,56.5,8.9,76.1,1.3,2.4,59413
2018-10-05,36.5,16.9,19,15.7,11,6,84.1,0,0,1.7,3.2,7772
2018-10-06,55.5,18,21.7,16.3,5,3,84,3,25.9,2.2,5.3,32510
2018-10-07,1.7,16.4,21.1,12.3,23,10,53.5,10.5,90.5,1.7,3.6,57873
2018-10-08,2.2,14.8,20.9,9.2,20,8,47,10.5,90.5,1.1,2.7,57247
2018-10-09,0,15.3,19.8,10.7,23,12,52.5,2.3,20,1.1,2.7,61525
2018-10-10,7,12,16.7,7.9,18,11,61,6.5,56.5,2.5,4.7,44876
2018-10-11,2.1,9.7,13.9,6.1,17,9,51,9.3,81.6,2.1,5.6,44489
2018-10-12,1.9,10.9,17.4,5.2,22,13,54,10.1,88.6,1.3,3.2,48529
2018-10-13,2.5,12.5,19.8,6.1,29,18,54,10,87.7,1,2.9,49203
2018-10-14,2.4,13.2,20.3,6.8,30,20,60,9.9,87.6,1.5,3.1,49025
2018-10-15,1.3,15.2,21,10.9,49,32,69.9,6.8,60.2,1.4,3.5,49503
2018-10-16,2.4,14.5,20.3,9.9,42,23,55.9,8.2,73.2,1.3,3,51236
2018-10-17,1.8,12.4,18.6,8.4,33,17,53.3,10,89.3,1.3,3.6,49795
2018-10-18,2.4,12.7,19,7.5,14,8,59.5,8.1,72.3,1.1,2.7,49560
2018-10-19,1.6,13.1,20.4,7.2,19,10,54.3,9.9,89.2,1.4,3.8,52122
2018-10-20,2.5,13.4,21.4,6.9,36,19,53.9,9.7,87.4,1.2,3,49815
2018-10-21,2.8,13.4,21.1,7.2,32,20,49.5,9.6,87.3,1.1,2.9,48346
2018-10-22,3.3,14,20.6,8.8,42,28,50,7.6,69.1,1,2.6,49889
2018-10-23,5,12.2,16.9,9.8,50,30,75.1,5.3,48.2,1.1,5,40223
2018-10-24,2.1,12.5,18.7,7.6,39,17,66,9.6,88.1,1.3,3.4,50343
2018-10-25,4.7,13.8,21.2,7,36,19,55.5,8.7,79.8,0.9,1.6,52181
2018-10-26,11,12.2,14.7,9.9,32,17,74.1,2.4,22.2,1.6,5.4,24308
2018-10-27,2.7,8.7,11.6,6.2,24,6,49.6,8,74.1,3.2,5.8,33699
2018-10-28,5.5,8.3,13.5,5.2,13,7,77.1,2.8,25.9,1.5,5.9,20882
2018-10-29,0,7.2,11.7,3.4,16,8,57.3,6.5,60.7,2,5.3,36107
2018-10-30,0,6.1,11.6,0.7,21,10,51.3,9.1,85,1.6,3.5,37382
2018-10-31,0,7.4,12.6,3,20,12,55.4,9.3,86.9,1.6,4.1,39009
2018-11-01,1.7,8.4,15.2,2.5,31,18,53.4,9.2,86.8,1.3,3.6,41911
2018-11-02,2.9,10.6,19,4,39,24,54.9,9.2,86.8,1.1,2.5,44917
2018-11-03,2,11.2,19.1,5,47,30,56,9.1,85.8,1.3,4,40640
2018-11-04,2.4,11.6,19.4,5.3,40,27,55,9,85.7,1.3,3.4,39973
2018-11-05,2.7,11.9,18.3,6.6,53,33,65.5,7.9,75.2,1.1,2.3,43870
2018-11-06,2.4,12.2,17.5,8,89,61,70.5,4.1,39,0.9,2.6,39680
2018-11-07,2,12.8,15.7,10.3,56,38,79.5,0.5,4.8,1.1,2.8,29492
2018-11-08,64,11.8,14.7,10.5,9,5,93.8,0,0,1.8,5,2730
2018-11-09,1,12.1,15.4,9.5,38,20,69,6.5,62.5,3.1,5.6,34673
2018-11-10,0,11.9,17.1,8.8,69,39,69.1,8.1,78.6,1.4,3.3,34194
2018-11-11,0,8.1,10.9,5.4,64,37,67.6,1.4,13.6,1.1,3.7,23926
2018-11-12,1.9,8.1,15.1,3.1,27,14,52.3,8.9,86.4,1.2,3.3,38706
2018-11-13,2.1,8.8,15.4,4.1,39,23,51.6,8.8,86.3,1.1,3,40263
2018-11-14,2.2,9.8,16.6,4.8,31,19,55.5,8.7,85.3,1.1,3.1,41973
2018-11-15,2.7,9.7,16.2,4.7,45,30,55.4,7.8,76.5,1,2.4,39702
2018-11-16,0.1,8.8,14.5,4.2,55,36,65.1,5.2,51,1.7,4,37629
2018-11-17,1.1,4.9,11.4,0.6,31,18,50.8,5.2,51.5,1.4,3.7,28167
2018-11-18,0.5,6.1,10.7,1.9,56,21,48.8,2.4,23.8,1.1,3.1,26464
2018-11-19,0,6.5,11.3,3.3,56,29,50.4,5.8,57.4,1.4,4.4,34352
2018-11-20,0.2,6.5,12.7,0,40,17,39.9,8.8,88,1.8,4.2,34855
2018-11-21,1,5.8,8.2,3.1,30,15,57.1,0,0,1.2,4.5,28140
2018-11-22,1.8,2.3,7.1,-1.3,19,10,35,8.6,86,2.4,5.6,29239
2018-11-23,1.8,1.9,7.6,-3.1,23,11,29.6,8.6,86,1.4,3.7,28620
2018-11-24,10.9,2.6,3.8,0.3,23,12,71.1,1.6,16.2,1.8,3.3,11255
2018-11-25,3.9,4.8,9.8,1.3,44,31,77.8,6.9,69.7,1,1.9,19946
2018-11-26,3.1,6.3,13.6,1.6,57,38,70.1,8.6,86.9,1,1.9,30698
2018-11-27,4.1,7.1,12.5,3.1,108,48,65,1.1,11.1,1.5,3.7,28806
2018-11-28,2.9,5,11.1,2.1,110,19,27.1,6.8,69.4,1.6,3.7,29177
2018-11-29,0,3.5,6.7,0.6,70,20,41.4,0.2,2,1.3,3.3,28977
2018-11-30,0.4,2.7,8,-1.5,59,20,46.1,8.6,87.8,1.4,3.3,28557
2018-12-01,1.9,5.5,12.4,0.8,44,23,42.3,7.8,79.6,1,2.5,24622
2018-12-02,2.7,8.2,11.8,2.8,46,23,50.1,2.7,27.6,1.3,2.2,23035
2018-12-03,9.5,11.5,13.5,9.3,44,21,87.4,0,0,1.4,3.2,10638
2018-12-04,5,6.7,11.8,-0.3,33,15,74.9,2.1,21.6,2.7,5.6,20029
2018-12-05,1.6,0,3.4,-4.3,26,11,39.5,3.1,32,1.5,4,23535
2018-12-06,0,2.4,6.8,-1,36,16,50.5,6.2,63.9,2.3,5.7,23788
2018-12-07,2.3,-7.3,-1.1,-9.6,22,9,37.1,8.7,89.7,3.8,5.9,15148
2018-12-08,1.6,-8.3,-4.4,-11.4,23,9,37.1,8.7,89.7,2.6,5.5,9824
2018-12-09,2,-7.2,-2.1,-11.8,21,10,27,7.8,80.4,1.5,3.4,8749
2018-12-10,1.2,-2.5,4.6,-8.1,32,18,33.3,8,83.3,0.9,2.9,17987
2018-12-11,0,0.2,2.9,-2.4,41,25,44.8,0.1,1,1.2,3.9,20805
2018-12-12,0.3,-1.9,2.4,-5,45,23,39,8.7,90.6,2.2,4,19339
2018-12-13,1.3,-2.2,2.1,-5.9,39,23,57.4,4.8,50,2,5.8,11765
2018-12-14,0.8,-4.4,0.6,-7.8,32,17,44.3,8.7,90.6,1.7,3.5,14932
2018-12-15,1.4,-2.4,3.2,-7.8,56,37,46.8,8,83.3,1,2.1,12720
2018-12-16,0.3,0,2.1,-2.6,55,39,63.8,1.1,11.5,0.9,1.7,10783
2018-12-17,0.3,1.6,5.9,-1.5,72,45,60.1,8.3,86.5,1.8,4.3,17449
2018-12-18,0.4,2.6,7.4,-2.8,44,23,56.3,7.2,75,1.4,4.1,20917
2018-12-19,1,4,9.5,1.3,50,28,53.4,7.8,81.3,1.4,3.3,21970
2018-12-20,1.2,3.4,10.4,-1.1,55,37,45.5,7.5,78.1,0.9,2.4,22881
2018-12-21,0,5.6,9.8,0.4,69,44,40.1,3.2,33.3,1.1,2.6,23422
2018-12-22,0.8,6.9,12.4,2.9,81,56,48.9,7.8,81.3,1.5,3.6,17127
2018-12-23,0.6,2.4,7.5,-3.4,48,27,43,8.3,86.5,2.9,5.7,13601
2018-12-24,1.5,-2.3,3.1,-5.9,21,11,35.9,8.8,91.7,1.6,3.6,16579
2018-12-25,1.5,0.6,5.2,-4,35,20,53.4,3.1,32.3,1.2,2.7,12437
2018-12-26,0.5,-1.5,3,-7.1,49,26,40.8,8.3,86.5,2.8,4.5,17112
2018-12-27,2.4,-10.1,-6.5,-12.5,26,9,28.3,8.7,90.6,3.5,5.8,11325
2018-12-28,1.5,-10.5,-6.6,-14.4,33,13,33,8.7,90.6,2.5,4.4,10445
2018-12-29,1.5,-7.6,-3,-10.5,36,9,29,8.7,90.6,2.9,5.5,8083
2018-12-30,1.3,-6.8,-0.9,-11.3,30,15,35.9,8.7,90.6,1.2,3.1,7864
2018-12-31,0.6,-5.4,-0.5,-10.5,45,29,39.6,8.3,86.5,1.2,3.4,11911
2019-01-01,0.7,-5,-0.6,-8.2,35,22,49.5,7.5,78.1,2.1,4.3,8601
2019-01-02,0.7,-4.9,0.2,-8.8,31,19,42.8,8.7,90.6,1.7,3.6,14360
2019-01-03,0.9,-3.5,3.2,-8.4,36,21,38.8,8.7,89.7,1.4,2.9,16344
2019-01-04,0,-1.1,4.1,-6.2,56,36,55.5,3.9,40.2,1.2,3,17308
2019-01-05,0.2,-2.8,1.1,-5.5,62,37,40.3,8.6,88.7,2.2,4.3,12380
2019-01-06,0.5,-2.8,2.7,-6.3,44,19,35,7.7,79.4,1.2,3.2,11094
2019-01-07,0,-1.9,3.1,-6.2,50,30,46.4,7,72.2,1.4,4.7,16795
2019-01-08,0.7,-3.5,0.5,-7.2,39,17,31,8.7,89.7,2.6,6.5,15833
2019-01-09,0.5,-4.7,1.3,-9.4,44,19,28.8,7.4,76.3,1.3,3.5,15819
2019-01-10,0,-0.6,3,-4.5,54,29,48.8,3.1,31.6,1.3,3.8,17894
2019-01-11,0.6,2.4,7.2,-0.4,70,46,58.8,6.9,70.4,1,2.6,19271
2019-01-12,0,2.8,8,-0.6,93,64,47.6,6,61.2,1.3,3.5,14519
2019-01-13,2.3,1.2,7.6,-3,102,67,54.3,8.6,87.8,1.4,3.2,11751
2019-01-14,6.9,1.4,5.3,-2.4,158,112,68.6,0.4,4.1,0.9,2.5,14818
2019-01-15,0,-1.7,2.6,-7.2,130,79,58.8,4.7,47.5,2.7,6.1,14761
2019-01-16,0,-5.2,-1.1,-10.1,45,16,45.9,8.6,86.9,2.3,4.3,15823
2019-01-17,0,-0.3,4,-3.2,40,19,45.8,8.7,87.9,1.7,5,17960
2019-01-18,0.3,0.6,6.7,-4.6,49,29,44,8.5,85.9,1.3,4.5,18901
2019-01-19,0.3,3.6,8.5,0,90,58,59.8,2.9,29.3,1.2,3,14883
2019-01-20,0.5,-1.4,4,-5.5,62,30,38.5,8.8,88,3.2,5.5,11191
2019-01-21,0,-1.2,4.2,-6.7,42,20,57.8,1,10,1.6,4.3,17240
2019-01-22,1.2,1.7,7.1,-3.3,62,26,62,8.5,85,1.7,4.4,19885
2019-01-23,0.4,2,7,-0.8,71,42,48.9,8.6,86,2.3,5.1,19163
2019-01-24,0.8,0.1,6.5,-4.6,38,19,34.9,8.8,87.1,1.7,3.5,20057
2019-01-25,0.4,-1.2,2.6,-3.8,40,18,27.6,8.7,86.1,2.6,5.5,18159
2019-01-26,0.7,-2.5,2.4,-6.5,38,17,30.9,8.8,87.1,2.4,4.4,13203
2019-01-27,1,-0.1,5.1,-6.6,37,19,52.5,6.7,65.7,1.7,3.7,12440
2019-01-28,0,1.2,4.5,-2.4,75,21,40.4,8.7,85.3,3.1,6.8,17317
2019-01-29,0.1,-0.2,7,-5.6,61,19,35.5,8.7,85.3,1.5,3.7,19477
2019-01-30,0.1,1.8,6.6,-2.8,56,27,54.6,7.7,74.8,1.5,3.8,20677
2019-01-31,1.7,-2,2.3,-6.2,65,20,29,3.4,33,2.9,4.7,17649
2019-02-01,0.3,-2.1,2.8,-7.4,37,16,47.6,5.7,55.3,1.7,4.9,17696
2019-02-02,0,1.4,6.1,-3.2,54,31,60,1.6,15.5,1,1.8,13742
2019-02-03,16,3.3,4.9,2,37,24,92.9,0,0,1.7,4,2010
2019-02-04,0,-0.6,3,-3.3,70,34,40.4,8.6,82.7,2.1,4.9,8562
2019-02-05,0.9,2.8,10.1,-3.6,72,24,37.1,7.8,74.3,1,2.9,9119
2019-02-06,1.2,5.1,9.3,0.1,85,29,54.9,3.3,31.4,1.3,3.1,13694
2019-02-07,0.5,-2.1,6.3,-8.2,61,29,45.5,8.7,82.9,3.5,5.5,14533
2019-02-08,1.1,-6.1,-1.3,-10.2,29,15,31.5,8.4,79.2,2.3,4.7,14782
2019-02-09,1,-5.4,-1.9,-8.6,32,15,30,9.3,87.7,2.7,4.9,11760
2019-02-10,2.3,-5,-1.9,-9.1,39,20,31.3,2.2,20.8,1.7,3.6,9759
2019-02-11,0.5,-3,2,-7.5,35,20,34.9,9.4,87.9,2.3,4.9,16881
2019-02-12,0,-0.6,3.7,-4.1,53,33,35.5,8.5,79.4,1.9,4.3,18862
2019-02-13,0.8,-2.1,2.5,-5.7,34,18,26.6,9.2,86,2.4,5.1,18411
2019-02-14,1,-0.5,6.3,-5.9,43,21,24.3,9.2,85.2,1.4,3.2,19376
2019-02-15,2.2,-0.8,0.9,-2.9,36,24,72.8,0,0,1.9,4,9213
2019-02-16,0.2,-2.7,1.5,-5.1,56,44,59,8.8,80.7,2.6,4.6,12641
2019-02-17,1,-1.8,4.6,-6.8,32,22,47.4,9.8,89.9,1.9,4.2,13390
2019-02-18,1.3,0.9,5.9,-4.7,36,22,43.5,5.6,51.4,1.3,2.8,19916
2019-02-19,4.6,1.4,3,0.2,38,28,80.8,0.6,5.5,1.4,3.9,11689
2019-02-20,0,1.7,4.5,-0.1,52,42,67.8,2.2,20,2.1,4.1,19572
2019-02-21,1.9,2.4,9,-2.6,74,60,59.4,9.6,87.3,1.5,3.4,20995
2019-02-22,1.3,4,10.8,-1.6,65,49,56.1,9.5,85.6,1.5,3.7,21727
2019-02-23,2,6.8,14.5,0.5,46,32,41,9.1,82,1.1,2.9,23742
2019-02-24,1.7,6.3,13.7,1.2,52,39,45,10,89.3,1.8,4.9,21933
2019-02-25,0.6,4.7,10.2,1.3,78,57,55.8,8,71.4,2.3,4.8,23445
2019-02-26,0.9,5.2,12,-1.5,47,25,32.8,9.5,84.8,1.6,4.9,28010
2019-02-27,0.9,7.8,14,4.7,59,39,31.3,7.8,69,1.6,4.3,28652
2019-02-28,0.2,6.6,12.8,2,76,50,39.5,8.1,71.7,2,4.7,27431
2019-03-01,3.3,6.6,13,1.2,105,74,42.3,9.9,87.6,2.1,4.4,21751
2019-03-02,2.7,7.8,14.7,1.3,103,74,37.6,7.5,65.8,1.1,3.3,22503
2019-03-03,1.8,9.4,16.1,2.5,89,64,36.4,7.9,69.3,1.5,3.3,24382
2019-03-04,5.8,9.9,16.3,5,138,97,46.1,9.2,80,1.9,4.7,26887
2019-03-05,7.7,8.4,12.9,5.6,171,124,66.3,2.5,21.7,2,3.9,24042
2019-03-06,3,8.4,12.4,5.7,128,89,55,3,26.1,2,4.3,25379
2019-03-07,1.6,7,12.7,3.1,50,36,51.1,10.1,87.1,2.2,5.1,31156
2019-03-08,1.3,6.1,13.4,0.6,44,25,39.4,10.7,92.2,1.9,4.2,33073
2019-03-09,1.7,7.2,14.9,-0.4,45,25,31.8,9.7,82.9,1.3,3,32421
2019-03-10,5.1,10.1,15.3,6.7,38,18,26.4,0.3,2.6,1.2,2.9,31050
2019-03-11,0,6.6,10,3.5,49,32,61,3.6,30.5,1.8,4.3,28539
2019-03-12,0,3.9,7.9,-0.3,40,25,55.1,1.8,15.3,2.7,6,25537
2019-03-13,0,3.5,8.5,-0.4,36,16,38.5,10.1,85.6,3.3,7.2,28653
2019-03-14,0,5,10,-1.7,36,17,45.3,7,58.8,1.9,3.8,30997
2019-03-15,3.5,5.5,11.3,1.6,62,34,72.8,2.8,23.5,1.6,5.4,20481
2019-03-16,0,4.3,9.2,0.2,48,32,69.9,5,41.7,1.8,5.1,26057
2019-03-17,1.4,6.3,12.4,2.6,44,29,55.4,9.9,82.5,2,4.4,35622
2019-03-18,1.4,7.1,14.4,1.4,35,21,43.8,8.7,72.5,1.4,4.7,36313
2019-03-19,1.2,10,16.7,3.4,58,34,52,8.3,68.6,1.4,3.3,39908
2019-03-20,16.5,10.3,14.6,7.1,87,63,79,0,0,1.4,3.9,16204
2019-03-21,3.3,7.1,11.1,1.9,29,21,77.4,3.9,32,2.9,5.5,26455
2019-03-22,1.6,3.3,8.3,-0.7,35,19,40.9,11.1,91,2.8,5,32363
2019-03-23,1.7,3.3,8.2,-0.4,22,14,46.9,7.9,64.8,2.4,6.3,21696
2019-03-24,2.1,4.3,9.7,-0.8,28,13,45.4,11.3,91.9,2.3,4.9,31622
2019-03-25,0,7.3,11.5,2.9,41,23,56.1,1.7,13.8,2,5.1,34226
2019-03-26,1.6,11.4,17.6,7.4,52,30,51.1,9.9,79.8,2,4.7,42644
2019-03-27,4.9,11.6,16.2,8.9,78,47,66.4,3.4,27.4,3,6.4,35832
2019-03-28,1.2,9.4,14.6,5.6,78,46,49.9,9.9,79.8,2.6,4.8,38806
2019-03-29,1.5,9.2,15.1,5.5,35,17,33.1,10.5,84,2.1,4.7,43893
2019-03-30,1.8,5.2,8.4,3.5,33,20,72,3,24,2.9,6.3,14001
2019-03-31,0,4.4,8.4,2.6,39,24,46,3.2,25.4,3.2,5.5,22326
2019-04-01,2.3,5.5,11.3,0.3,23,12,39.8,11.7,92.9,2.5,5.8,37660
2019-04-02,2,6.7,13,1.3,30,16,36.9,11.7,92.9,2.2,6.1,42029
2019-04-03,1.6,7.6,13.6,1.9,34,20,36.1,11.7,92.1,2.3,5,43257
2019-04-04,2.4,9.2,15.7,3,32,17,43,11.7,92.1,2.5,5,45681
2019-04-05,0,11.4,17.2,7,65,19,41,9.3,72.7,2.9,5.4,45643
2019-04-06,0.8,9.3,12.2,5.9,51,16,39.9,0.5,3.9,1.1,2.8,25902
2019-04-07,1.6,12.6,20.3,5.6,31,13,43.1,11.4,89.1,1.7,4.8,55943
2019-04-08,1.5,11.6,17.2,7.6,32,11,25.6,10.9,84.5,2.5,5.2,52643
2019-04-09,17.4,9.2,13.9,4.7,23,10,49.1,0.8,6.2,2.4,4.4,24734
2019-04-10,5.6,7.1,10.2,4.7,6,3,78.4,1.1,8.5,1.8,3.1,26421
2019-04-11,1.5,9.5,15.7,4.3,21,12,58,9.8,75.4,1.9,4.7,51013
2019-04-12,2.1,11.4,18.4,5.5,45,25,48.5,11.4,87.7,2.2,5.1,55125
2019-04-13,1.5,11.8,17.9,6.2,44,29,34,10.8,82.4,1.8,5,57020
2019-04-14,1.7,9.6,13.6,6.9,32,18,45.5,5,38.2,2.2,7.3,28467
2019-04-15,1.2,11.6,18.1,3.9,45,15,30.9,12.1,91.7,1.8,4.7,55422
2019-04-16,1.9,14.9,22.6,6.8,41,20,26.3,11.5,87.1,1.6,4.1,60566
2019-04-17,1.5,15.3,21.8,9.1,34,17,37.5,12.2,92.4,1.9,4.9,62522
2019-04-18,0,12.6,16.2,10.4,31,16,74.4,1.5,11.3,2,5.3,50439
2019-04-19,2.2,13.8,19.7,9.6,35,16,57.5,5.9,44.4,1.6,3.2,60925
2019-04-20,1.2,14.3,19.1,9.7,38,19,66.9,5,37.6,1.9,4.5,51068
2019-04-21,0.3,14.8,20.2,12.2,25,17,77.8,4.1,30.6,1.9,4.2,53339
2019-04-22,2.2,19.3,28.2,10.7,72,27,50.6,11.1,82.8,1.4,4.2,63995
2019-04-23,0,20.4,25.5,15.3,79,34,52,4.2,31.3,1.3,3.8,58811
2019-04-24,4.1,19.5,25.9,15.8,50,30,70.4,8,59.3,1.6,4.5,55815
2019-04-25,11.3,13.2,17.2,9.4,37,15,75.9,0,0,2,3.6,22471
2019-04-26,4.9,8.4,9.9,6.2,8,4,82.1,0,0,1.5,3.5,26484
2019-04-27,1.8,11.6,18.2,4.1,16,9,52.6,10.3,75.7,1.7,3.6,65124
2019-04-28,0,12.9,16.6,9.9,18,11,48.8,3.4,25,1.6,3.7,56012
2019-04-29,4.1,13,17.3,8.3,20,12,52.9,3.3,24.1,0.9,2,63256
2019-04-30,1.4,15.5,22.5,9,31,17,52.8,11.2,81.8,1.6,4.2,70213
2019-05-01,1.8,16.4,22.2,11.2,49,20,48.9,10.9,79.6,2.3,4.8,76439
2019-05-02,1.8,17.1,25.3,10.6,49,13,28.5,12.7,92,2.3,5.1,72430
2019-05-03,1.8,17.9,26.1,10.1,52,22,37.5,12.4,89.9,1.6,4.4,73647
2019-05-04,2.1,19.5,27.4,12,78,44,40.4,10.7,77.5,1.7,4.1,66392
2019-05-05,2.1,19.2,26.5,13.6,57,35,35.8,11.1,79.9,2.2,5.3,66911
2019-05-06,0,14.5,19.8,9.8,29,9,27.1,12.8,92.1,3.1,5.3,74806
2019-05-07,1.6,15,21.9,8.4,42,14,33.4,12.9,92.8,2.3,5,70506
2019-05-08,2.1,15.6,21.3,10.1,44,18,48.3,12.2,87.1,2.3,5.1,70426
2019-05-09,1.8,16.6,22.9,11.7,43,19,43.3,12.1,86.4,2.2,4.5,71707
2019-05-10,2.2,17.8,26.8,10.3,52,27,48,12.3,87.9,1.9,4.1,74960
2019-05-11,2.3,20.3,28.3,13.2,55,29,39,12.7,90.1,1.8,3.9,76110
2019-05-12,3.1,21.6,28.9,14.7,47,29,36,12,85.1,1.5,3.1,73318
2019-05-13,0,18.7,22.8,15.5,48,29,43.4,1,7.1,1.6,4.9,68389
2019-05-14,1.9,19.6,26.9,12.9,36,25,44.5,13,91.5,1.6,4.1,78385
2019-05-15,1.9,20.7,28,14.8,56,34,48.1,8.4,59.2,1.7,3.9,76969
2019-05-16,2.2,23.5,30,16.7,55,32,43.8,12.5,88,1.5,4.1,75399
2019-05-17,3.9,23.6,28.3,17.6,45,29,44.9,4.2,29.6,1.2,3.2,79158
2019-05-18,0,22.8,25.9,19.1,24,13,46.8,4.3,30.1,2.1,4.8,79583
2019-05-19,22,19.4,21.6,17.9,14,7,93,0,0,1.2,2.7,12749
2019-05-20,8.7,16.4,20.2,13,37,9,63.6,10.5,73.4,3.4,6.1,72066
2019-05-21,4.2,17.2,23.8,11.7,45,14,52,13.1,91.6,2.9,5.9,80599
2019-05-22,2.4,19.5,26.5,12.3,50,22,46,12.6,87.5,2.4,5.4,80735
2019-05-23,2.7,22.1,29.2,15,60,34,45,13.2,91.7,1.7,3.5,78504
2019-05-24,2.8,24.2,33.4,16.2,67,41,46.4,12.7,88.2,1.7,4.1,77190
2019-05-25,1.5,23.4,28.6,18.4,68,43,45.6,7.1,49.3,1.6,4.2,75791
2019-05-26,1.7,24.5,31.1,18.6,33,20,39,11,75.9,1.8,4.5,74327
2019-05-27,7.1,17.8,22.3,14.3,21,13,80.9,0,0,2.4,5.3,30670
2019-05-28,2.3,18.1,24.6,11.9,22,7,45.9,13,89.7,2.6,4.9,83654
2019-05-29,1.7,20.3,26.5,13.3,39,17,48.4,13.3,91.7,2,4.9,83496
2019-05-30,0,19.6,24.5,14.6,43,20,48,7,48.3,2.4,5.4,73814
2019-05-31,2.2,19.1,23.3,16.1,18,9,49.6,12.3,84.2,2.8,5.4,83765
2019-06-01,1.3,18.9,23.7,14.8,29,19,60.5,9.4,64.4,1.9,4.2,79878
2019-06-02,1.3,21.1,27.8,14.1,31,18,42.1,13,89,1.7,4.6,77091
2019-06-03,1.2,23.1,29.5,16,34,18,42.9,12.3,84.2,1.8,5,82911
2019-06-04,1.5,22.6,29,17.6,26,16,56.4,12.8,87.7,2.2,4.4,83576
2019-06-05,1.3,23,29.6,17.8,40,23,63.8,8.9,61,1.8,4.3,81515
2019-06-06,7.5,21.2,25.1,18.6,48,27,75.9,0,0,1.2,4.1,36945
2019-06-07,35.3,20,24.7,17,11,6,77.3,3.7,25.2,1.9,3.5,54701
2019-06-08,1.2,21.9,27.6,16,20,12,57.5,9.3,63.3,1.4,4,83736
2019-06-09,2.5,21.6,26.5,17.1,28,20,66.1,4.2,28.6,1.8,4,60371
2019-06-10,9.5,18.4,21.9,15.7,10,5,70.3,0.6,4.1,1.6,2.4,63032
2019-06-11,1.6,20.5,26.1,15.5,11,5,51.1,10.7,72.8,1.4,3,85776
2019-06-12,0.9,21.5,26.4,16.1,25,13,57.1,13,88.4,1.8,4.6,83506
2019-06-13,1,23,28.8,16.6,24,15,51.9,12.3,83.7,1.7,4,81540
2019-06-14,1,23,28.4,19.1,25,18,54.8,6.1,41.2,1.8,4.2,85533
2019-06-15,2.1,21.9,27.4,17.9,29,17,61.5,12.2,82.4,2.4,5.3,71883
2019-06-16,0.3,22,27.2,16.1,12,8,55.4,11.1,75,1.6,4.7,81803
2019-06-17,0,21.7,26.2,18.1,20,12,59.1,12.7,85.8,2.3,4.1,86987
2019-06-18,13.8,20.8,24.8,17,25,16,78.6,2,13.5,1.5,4,42393
2019-06-19,0.2,21.4,25.4,18.9,27,19,77.8,0.9,6.1,1.9,4.1,79958
2019-06-20,1.2,22.7,27.8,19.8,24,16,70.6,6.9,46.6,1.9,4.2,88226
2019-06-21,0.2,22.1,26.1,19.4,24,15,72.9,3.4,23,1.7,3.7,81089
2019-06-22,1.7,24.2,30.6,17.7,11,6,42.3,13,87.8,1.5,2.9,85728
2019-06-23,1.1,25,31,19.1,11,6,40.4,12.9,87.2,1.8,4.4,79269
2019-06-24,1.3,25.2,30.9,20.9,20,12,46.9,13.6,91.9,2,4.1,88432
2019-06-25,1.3,25.6,32.8,19.5,29,18,49.1,13.4,90.5,1.6,4.2,88096
2019-06-26,0,25.5,29.5,20.7,31,20,52.6,1.1,7.4,1.3,3.1,81274
2019-06-27,1.4,25.5,31.2,21.9,18,12,70.5,3.9,26.4,1.4,3.5,79234
2019-06-28,0,24.7,29,22.3,40,28,67.3,2.4,16.2,1.7,3.8,77056
2019-06-29,1.5,23.1,27.7,19.6,22,15,72,4.1,27.7,1.2,3.2,67346
2019-06-30,0,23.9,28.5,20.9,31,22,73.5,5.2,35.4,2.3,4.5,74994
2019-07-01,1,23.9,28.9,20.6,31,21,64.4,10.9,74.1,2.3,5.2,92814
2019-07-02,1.8,24.4,30.1,20.8,28,19,63.5,11.9,81,2.3,4.3,94783
2019-07-03,0,24.1,27.4,21.2,29,20,64.6,3.3,22.4,1.7,3.8,94773
2019-07-04,1.2,25.4,32.8,20,28,17,59.6,12.7,86.4,1.9,4.5,90397
2019-07-05,0,27.6,35,20.2,32,20,42.1,11.8,80.3,1.5,4.3,83994
2019-07-06,2.6,29.7,36.1,24.6,29,21,40.9,11.8,80.3,1.7,3.9,70246
2019-07-07,3.6,26.7,32.5,22.7,19,12,43.3,9.8,66.7,2.2,3.3,75116
2019-07-08,3,25.1,31,21.2,10,5,46.6,9.3,63.7,2,3.3,93609
2019-07-09,3.6,25,30,19.7,10,6,46.4,7.7,52.7,1.8,3.1,95859
2019-07-10,8.5,22.7,27.3,19.3,10,6,64.1,3.1,21.2,2,3.3,43842
2019-07-11,2.9,21.9,25.9,19.5,8,4,76.9,0,0,1.3,2.8,65003
2019-07-12,1.5,23.6,28.7,20,14,8,65.5,7,47.9,2,4.4,94473
2019-07-13,0,24.9,29.7,22.1,30,22,67.3,4.1,28.1,1.7,3.9,81067
2019-07-14,1.8,25.9,31.6,21.2,38,29,64.6,7.8,53.8,1.6,3.8,74259
2019-07-15,7.7,23.8,27.4,22.1,33,23,80,0.1,0.7,1.1,3,57917
2019-07-16,6.3,24.7,28.8,21.4,25,19,79,4,27.6,1.3,3.4,82285
2019-07-17,0.7,25.6,29.2,22.3,57,41,73.9,1,6.9,1.2,2.9,84261
2019-07-18,2.3,26.9,32.1,23.3,64,48,65,3.2,22.1,1.2,3.2,81613
2019-07-19,0,28.6,35,22.8,34,17,61.3,9.8,68.1,1.5,4.6,77449
2019-07-20,1.1,28,31.9,25.1,9,5,66.9,1.2,8.3,2.1,3.6,56648
2019-07-21,6.2,25.1,27,24.2,15,10,87.1,0.6,4.2,2.2,4.4,46130
2019-07-22,0.1,26.7,31,24.2,43,32,74.6,6.1,42.4,2.2,3.6,82781
2019-07-23,0.1,28.1,32.9,24.4,26,17,70.8,4,27.8,1.7,3.6,83206
2019-07-24,1,26.5,27.2,25.2,24,16,82.3,0,0,1.6,3.4,59020
2019-07-25,9.7,26.3,27.4,25.6,25,17,90.1,0,0,1.2,3.4,34778
2019-07-26,60,25.1,25.9,23.7,18,13,95.3,0,0,1.7,4.5,22789
2019-07-27,0.6,28.4,33.4,24.9,20,12,76.6,4.7,32.9,1.3,3.9,50955
2019-07-28,25.6,26.1,28.2,25,15,9,88.3,0,0,2.2,4.8,23342
2019-07-29,0.5,27.5,30,25.6,14,12,74.5,2.6,18.3,2.6,5,74046
2019-07-30,1.2,28.1,30.8,26.3,19,12,75.3,1.6,11.3,3.4,5.9,69757
2019-07-31,62.3,25.8,27.5,24,17,12,91.1,0,0,2.2,5.3,26874
2019-08-01,26.9,26.3,30.1,23.5,14,9,86.4,4.9,34.8,1.7,4.6,59803
2019-08-02,4.7,28.4,33.1,24.7,19,13,74.6,8.3,58.9,1.2,3,67510
2019-08-03,3,29.4,36,25.6,21,15,69,10.6,75.7,1.3,4.5,49047
2019-08-04,8.6,28.3,34.4,25,27,20,75.9,8.6,61.4,1.2,3.3,46477
2019-08-05,3.4,30.5,35.9,25.6,37,31,65.5,11.2,80,1.1,3.2,65085
2019-08-06,3.8,31.6,36.8,27.9,27,23,51.4,9.9,71.2,1.5,2.8,66703
2019-08-07,8,26.9,30.3,23.9,20,13,78.1,1.9,13.7,1.2,2.8,50804
2019-08-08,0,28.9,32.7,25.9,40,33,71.4,7.5,54,1.6,3.6,69748
2019-08-09,2.2,29.8,34.6,26,27,20,69,10.8,77.7,1.3,4.1,67491
2019-08-10,2.6,31.5,36.5,26.6,20,13,57.9,11.6,84.1,1.5,3.4,54162
2019-08-11,6.7,30.4,35.7,26.3,17,12,53.6,9.8,71,2.5,4.1,43351
2019-08-12,56.2,26.6,28.5,24.8,19,14,91.8,0.3,2.2,1.3,2.3,24386
2019-08-13,6.4,29.2,35.3,25.1,22,15,76.9,7.3,53.3,1.5,4.7,63749
2019-08-14,3.1,30.4,35.7,25.9,17,11,63.9,9.2,67.2,1.5,3.1,65452
2019-08-15,16.2,25.9,28.6,23.9,9,5,82,0.1,0.7,1.3,2.7,32229
2019-08-16,0.1,25.9,29.5,23,16,10,74.5,7.5,55.1,2.2,5,71161
2019-08-17,0,25.9,28.8,23.4,31,21,69.5,8.1,59.6,2.5,4.6,72259
2019-08-18,2.4,25.6,30.7,22.6,21,15,66.5,10.7,79.3,1.7,3.2,72588
2019-08-19,2.9,26.3,31.3,21.2,23,17,60.6,11.1,82.2,1.1,2.7,81832
2019-08-20,2.6,28.2,32.8,23.2,28,22,56.3,10.5,77.8,1.5,3.2,82116
2019-08-21,1.3,27,30.4,24.4,29,23,67.3,3.2,23.9,1.2,3.2,56957
2019-08-22,1.5,26.9,31.4,23,39,30,66.5,10.7,79.9,1.7,4.4,82232
2019-08-23,1.1,26.2,30.5,22.7,31,20,58.4,12,89.6,2.1,4.4,86624
2019-08-24,0,24.1,27.3,21.5,22,12,60.9,3,22.6,1.5,3.5,85630
2019-08-25,1.6,25,29.9,20.2,20,14,66.6,9.9,74.4,1.5,4,81028
2019-08-26,1.9,26.4,32.1,21.5,25,17,63.8,9.2,69.7,1.2,4,87770
2019-08-27,20,25.7,29.3,22.2,25,19,71.1,5.6,42.4,1,2.5,83107
2019-08-28,0,26.1,30.2,23.6,29,21,66.2,0,0,1.9,4.3,88718
2019-08-29,36.9,23.4,26.4,20.1,26,21,77.1,4.9,37.4,2.2,7.5,65708
2019-08-30,0.2,22.6,27,19.5,20,11,66.3,8.8,67.2,2.4,5,86733
2019-08-31,1.2,23.5,28.9,18.5,19,11,65,12.1,92.4,1.9,4.7,90724
2019-09-01,3.3,23.7,27.8,19.2,19,13,64,6.9,53.1,1.4,2.9,89191
2019-09-02,2.6,24.4,29.7,19.4,25,16,56.6,7.4,56.9,1.6,3.5,92510
2019-09-03,0,24.1,28,22,23,15,67.6,2.9,22.5,2.3,3.8,74801
2019-09-04,22.7,22.8,25.5,21.2,6,3,89,1.1,8.5,2.5,4.5,27168
2019-09-05,36.4,23,27.6,21.5,9,6,91.4,1.5,11.6,2,5,33929
2019-09-06,2.4,25.3,29.1,21.6,13,8,79.8,0.4,3.1,2.1,3.4,16631
2019-09-08,0,24.7,27.3,22.9,25,16,76.9,1.4,11,1.9,4.8,52055
2019-09-09,0,25.1,28,22.4,35,26,74.3,2,15.7,1.7,3.6,68370
2019-09-10,63.2,23.8,26.5,22.1,13,9,93.4,1,7.9,2.4,4,18265
2019-09-11,7.6,24.3,28.7,20.4,6,4,71.4,6.9,54.8,3.1,4.7,75328
2019-09-12,3.9,21,22.9,18.7,15,5,72.3,0,0,2.6,4.8,32059
2019-09-13,0.1,23.3,29.3,18.3,16,6,60.4,10.9,87.2,1.7,3.5,57065
2019-09-14,0.3,22.4,24.1,20.8,20,11,80,0.2,1.6,1.2,2.9,48756
2019-09-15,1.8,24.2,30,19.5,16,10,70.4,10.6,84.8,1.7,4.1,82678
2019-09-16,1,24.5,30.5,20.7,14,7,53,9.4,75.8,2.1,4.5,89807
2019-09-17,1.2,23.5,29,18,16,9,41.6,10.6,85.5,2.1,4.4,92153
2019-09-18,2.2,21,25.4,16,29,13,46,11.7,94.4,3.1,4.9,92045
2019-09-19,1,19.5,26,13.6,27,11,46.5,10.2,82.9,1.9,4.3,91554
2019-09-20,0.9,19.6,24.2,15.8,23,10,52.8,1.3,10.6,2.1,3.5,94246
2019-09-21,0,19.6,22.1,18.3,17,9,60.3,0,0,2,3.7,86676
2019-09-22,0.4,18.6,19.6,17.3,5,4,63.4,0,0,3.8,6.4,41173
2019-09-23,0.7,20,24.6,16.9,12,6,51.1,9,73.8,2.2,5,92006
2019-09-24,1.9,19.8,26.5,13.9,22,13,61.3,11.4,94.2,1.8,3.5,93546
2019-09-25,3.7,20.9,27.4,14.8,27,17,64.4,8.8,72.7,1.4,3,92665
2019-09-26,3.1,22.9,29,17.7,26,17,59.3,8.1,67.5,1.9,3.3,92247
2019-09-27,1.8,22.9,27,19.6,21,13,57.5,3.5,29.2,1.9,3.1,93345
2019-09-28,2.6,23.7,29.2,19.4,28,20,58.9,10.1,84.2,1.7,3.3,89550
2019-09-29,2.1,22.6,28.6,17.9,35,27,60.6,11.1,93.3,1.7,4,86133
2019-09-30,3,22.4,29.9,16.4,45,33,61,10.5,88.2,1.6,3.4,88270
2019-10-01,1.6,23.1,28.2,17.6,45,34,67.1,7.5,63.6,1.8,4.4,88575
2019-10-02,23.1,21.6,24.2,20,24,18,88,0,0,3,5.5,27368
2019-10-03,4.6,22.4,27.3,19.8,8,4,73.4,6,50.8,2.8,4.9,75438
2019-10-04,2.7,22.4,27.8,18,23,16,71.5,9.9,84.6,2.1,3.9,94912
2019-10-05,0.6,18.7,21.9,14.7,40,25,72.6,2.3,19.7,2.9,4.6,83020
2019-10-06,2.7,18.1,22.7,13.2,11,5,53.4,9.4,81,2.9,4.8,82855
2019-10-07,25.4,14.8,17.9,13.3,11,7,92,0,0,1.8,3.6,21875
2019-10-08,2.2,14.7,19.8,10.6,21,11,58.8,10.3,88.8,2.6,6.2,81524
2019-10-09,1.1,13.6,20.4,7.7,22,10,48.3,10.6,92.2,1.7,3.8,85638
2019-10-10,0.9,15.2,19.8,10.7,28,16,60.9,1.1,9.6,1.3,2.8,81742
2019-10-11,1.6,18.8,26.1,13,33,21,60,10.3,90.4,1.9,4.9,92155
2019-10-12,2.1,17.9,23.3,13.3,23,12,49.3,10.5,92.1,3.5,6.7,84843
2019-10-13,0.9,17.2,23.8,12.1,18,9,52.6,10.6,93,1.9,4.1,84368
2019-10-14,1.6,14.4,19.6,9.5,30,18,56.9,10.1,89.4,2.5,5.1,79509
2019-10-15,0.9,14.5,20.4,8.8,17,9,55.6,7.7,68.1,1.6,4.3,85516
2019-10-16,1.7,14.6,20.8,9,24,15,58.3,9.8,87.5,1.6,3.6,84549
2019-10-17,2.7,15.4,21.6,11.2,28,18,56,7.4,66.1,1.7,3.5,85596
2019-10-18,2.1,17,22.7,12,17,11,58.3,8,71.4,2.4,4.3,89551
2019-10-19,1.7,17,23.1,12.1,20,11,63.8,10.2,91.9,1.8,3.7,87553
2019-10-20,3.5,16.5,22.9,12,33,21,70.3,9.3,83.8,1.3,3,79300
2019-10-21,4.8,17.1,24.6,10.9,39,26,61,9.6,86.5,1,2.4,84488
2019-10-22,3.1,18.1,24.4,13.3,39,26,56.1,9.1,82.7,1.6,3.3,88478
2019-10-23,0,17,20.7,14.3,22,15,57.3,0.7,6.4,2.4,4.4,87991
2019-10-24,0.5,18.3,23.8,15.3,28,18,47.6,6.6,60.6,2.7,5.1,89520
2019-10-25,0,16.7,22,13.1,23,11,58,7.1,65.1,2.4,5.6,84617
2019-10-26,1.3,10,14.9,6.6,22,14,60,8.7,79.8,2.5,5.2,67578
2019-10-27,1.1,11,17.4,4.7,23,14,59,9.8,90.7,1.6,4.2,65774
2019-10-28,1.7,12.9,17.7,7.4,30,20,65.9,7.3,67.6,2.5,4.7,67175
2019-10-29,0.1,12.5,17.6,8.2,65,15,61,9,83.3,2.3,5.2,71135
2019-10-30,1.2,11.2,17.7,5,25,12,60.3,9.6,89.7,1.6,3.8,76898
2019-10-31,2,14.8,19.7,8.4,66,23,73.8,8,74.8,2.3,5.2,76860
2019-11-01,2.3,14.9,20.5,11.4,100,36,57.9,9.5,88.8,1.8,3.9,77604
2019-11-02,1.9,13.6,18.7,8.3,66,35,57.3,3.3,31.1,1.5,2.9,68223
2019-11-03,1.2,14.7,22.1,9.4,53,33,57.8,7.8,73.6,2.1,4.7,67452
2019-11-04,1.9,13.8,20.3,9.2,14,7,57.8,9.7,91.5,2.1,3.7,78874
2019-11-05,1.5,12.4,18.4,8.4,32,20,65.1,8,76.2,1.6,3.8,78675
2019-11-06,0.6,11,16.5,6.3,48,32,63.6,7.5,71.4,1.8,4.4,74812
2019-11-07,0.8,9.2,13.6,5,44,24,42.8,9.5,91.3,2.7,5.3,68315
2019-11-08,0.6,6.8,13,1.1,44,18,31.4,9.7,93.3,1.9,4.4,65110
2019-11-09,1.1,9.5,17.2,3.5,41,22,41.4,9.7,93.3,1.6,4.2,60693
2019-11-10,11.8,10,15.3,6.2,39,26,59.6,3.3,32,2.1,3.8,40503
2019-11-11,1.1,11.2,15.1,7.9,23,14,71.6,7.2,69.9,2.4,4.8,58957
2019-11-12,2.3,9.3,14.5,4.8,38,23,63.6,5.7,55.3,1.4,2.7,68210
2019-11-13,7.5,7.2,11.3,3,34,20,72.3,0,0,2.8,6,39198
2019-11-14,1.8,1.3,5,-2.5,19,6,30.6,9.7,95.1,2.9,5.8,45095
2019-11-15,18.8,5.6,7.6,1.4,22,13,87.4,0.1,1,2,3.5,15069
2019-11-16,2.4,6.8,12.7,3.8,31,21,81.3,5.6,54.9,1.6,3,45493
2019-11-17,21.1,8.3,10.5,5.6,26,16,79.4,0,0,3.1,6.4,11303
2019-11-18,14.7,4.6,12.7,0.4,71,12,59.8,8,79.2,3.9,7,37496
2019-11-19,0,0.2,4,-3.5,28,9,48,9.4,93.1,2.8,5.8,40356
2019-11-20,1.4,0.5,6.3,-4.6,20,11,35.5,9.4,93.1,1.8,4.6,42026
2019-11-21,1.7,4.2,9,-2.3,34,19,37.4,5.7,57,1.9,4.2,47091
2019-11-22,1.1,9.7,17.3,3,40,21,34.1,9,90,2.1,4.8,56700
2019-11-23,2.4,12.1,17.7,7.7,33,19,52,8,80,1.8,3.6,54283
2019-11-24,3.8,9.8,15.6,4.6,32,20,74.6,1.8,18.2,2.2,6,24304
2019-11-25,0,1.9,6,-1.2,24,15,62.1,5.8,58.6,2.7,5.9,42677
2019-11-26,1,6.6,13.7,1.2,25,17,64,7.9,79.8,2,4.5,52464
2019-11-27,1.1,3.1,6.8,0.3,33,21,50.8,8.3,83.8,2.7,4.6,46248
2019-11-28,1,3.5,10.4,-0.6,33,20,52.4,9,91.8,2,4.3,46983
2019-11-29,0.9,1.5,6.9,-3.4,43,30,42.8,9.3,94.9,2,4,44689
2019-11-30,1.7,4.1,9.3,-1.4,44,34,42.6,5.3,54.1,1.7,3.4,38366
2019-12-01,3.3,4.6,6.2,2.3,38,30,79.4,0,0,1.6,4.1,9680
2019-12-02,1.3,-0.1,2.8,-3.2,21,15,48,8.8,89.8,3.1,6.2,34397
2019-12-03,0.6,0.5,4.2,-5,26,17,61.3,3.1,31.6,1.6,3.6,33580
2019-12-04,0,2,7.2,-2,27,18,41.6,8.7,89.7,1.8,4.4,38576
2019-12-05,1.8,-4.4,-0.2,-8.5,19,13,31.9,9.2,94.8,3.2,6,29277
2019-12-06,1.4,-5.9,-1,-10.6,29,20,34.5,9.3,95.9,1.7,3.8,26723
2019-12-07,0.1,-2.4,1.2,-5.5,45,36,65,1.1,11.3,1.7,3.1,23013
2019-12-08,2.3,-0.9,4.9,-5.5,55,48,65.1,8.9,91.8,1.4,3.2,22597
2019-12-09,0,3.2,8,-1.3,62,54,56.8,1.4,14.4,2.5,3.9,34140
2019-12-10,1.7,8.1,10.8,6,97,80,82.3,2,20.6,1.2,3.5,33275
2019-12-11,0.2,6.3,9.8,0.1,79,60,62,5.2,54.2,3.4,7.2,34049
2019-12-12,1.3,-0.7,3.4,-3.5,21,18,45.4,9.1,94.8,1.8,4.2,33704
2019-12-13,1,2.1,5.9,-3.7,28,20,53.6,3.4,35.4,2,4.3,34258
2019-12-14,0,2.7,6.4,-0.1,38,29,58.3,8.3,86.5,2.3,5.3,27424
2019-12-15,2.5,5.3,11,0.4,34,28,52.5,7.3,76,2,3.6,29692
2019-12-16,2.7,7.8,12.9,2.1,35,25,58.9,6.6,68.8,1.9,3.2,41750
2019-12-17,9.8,7.7,10.2,3.2,27,21,81.4,0,0,2.3,4.5,25644
2019-12-18,1.4,0.8,5.2,-1.7,40,30,64.6,8.4,87.5,2.5,4.2,34899
2019-12-19,0,-0.8,3.1,-4.5,29,20,47.8,8.5,88.5,2.4,4.8,32972
2019-12-20,0,-1.1,2,-3.5,30,22,45.3,8.9,92.7,2.3,3.9,32521
2019-12-21,0.6,-1.2,1.5,-5.1,37,26,68.1,1.9,19.8,1.7,2.9,20302
2019-12-22,0.3,4.1,8.4,0.3,60,45,63.4,5.2,54.2,1.7,3.5,24430
2019-12-23,2.9,3.4,5.2,0.3,53,42,80.4,2.4,25,2,4.2,29028
2019-12-24,1.6,0.8,6.5,-2.9,77,59,67.9,8,83.3,1.4,3.1,33334
2019-12-25,0,2,6.6,-2.7,55,42,60.8,3.3,34.4,1,3.2,22428
2019-12-26,0.3,2,4.1,-2.4,50,35,59,1.3,13.5,2.4,5.2,25007
2019-12-27,0.9,-1.7,2.6,-4.6,36,27,45.4,9,93.8,2.1,4.3,29243
2019-12-28,1,1.1,6.1,-3.6,44,30,47.6,5.8,60.4,2,3.7,26046
2019-12-29,1.4,3.8,6.2,1.1,46,31,52.5,0,0,2.9,4.4,18701
2019-12-30,0.4,2.7,6.8,-5.7,40,29,70.3,0,0,2.9,7.4,22952
2019-12-31,0,-7.9,-4.5,-10.9,27,19,39.3,9.1,94.8,3.1,7.5,18436
2020-01-01,0.1,-2.2,0.3,-6.5,34,24,64.4,0.8,8.3,0.6,2.6,16236
2020-01-02,0,1,3.8,-0.7,59,45,65.4,0,0,1.2,4,28890
2020-01-03,1.2,-0.1,4.6,-3.4,66,48,56.9,8.8,90.7,1.7,3.5,30809
2020-01-04,0.3,1.2,6.1,-2.8,56,41,50.8,7.9,81.4,1.9,4.5,25709
2020-01-05,1.2,1.3,6.6,-3.2,53,39,45.6,7.1,73.2,1.1,2.9,23206
2020-01-06,1.8,3.1,4.6,0.6,41,31,65.4,0,0,3.1,5.4,15381
2020-01-07,46.3,6.3,7.7,4.2,10,8,95,0,0,4,6.3,1920
2020-01-08,11.6,2.4,8.9,-0.4,26,21,86.1,0,0,3.3,6.3,21522
2020-01-09,1.5,-1.2,2,-3.1,53,45,65.3,8.7,89.7,2.3,4.3,28711
2020-01-10,1,-0.6,4.2,-4.3,70,59,62.9,7.5,76.5,1.5,3.7,29395
2020-01-11,0.7,-0.1,3.9,-2.6,54,44,60.9,8.1,82.7,1.9,4.8,23246
2020-01-12,1.6,-1,2.8,-3.5,50,39,61.5,8.6,87.8,2.4,4.1,19842
2020-01-13,0.6,-2.9,0.2,-4.7,27,20,51,8.1,82.7,2.3,4.9,26786
2020-01-14,1.4,-2.3,2.6,-5.7,30,23,45.3,8.5,86.7,1.6,3.3,28435
2020-01-15,0.8,-2.7,2.2,-6.4,37,27,44.8,9.2,92.9,1.9,4.5,28391
2020-01-16,0.5,-1.7,3.2,-5.5,44,32,43,8.3,83.8,1.6,4.4,29026
2020-01-17,0.3,-0.6,4.9,-4.8,58,40,43.9,7.6,76.8,1.5,3.8,29626
2020-01-18,0.9,0.3,5.9,-4.1,64,44,48.1,9.1,91.9,1.8,4.2,24635
2020-01-19,0.6,1.9,5.3,-0.4,61,46,62.8,4.8,48.5,2.2,6.1,17682
2020-01-20,0.3,0.7,5.5,-3.3,56,34,46.8,8.7,87,2.5,5.7,28611
2020-01-21,1.1,-0.4,5.5,-5.6,42,27,36.9,9.2,92,1.4,3.5,30618
2020-01-22,2.6,3,7.8,-0.1,43,30,36,3.7,37,1.7,3.2,33011
2020-01-23,0.7,4.6,9.9,0,62,44,49.3,8.8,88,2,4.7,34466
2020-01-24,1.6,2.8,7.4,-1.3,72,52,63,8.8,87.1,1.7,3.7,19230
2020-01-25,0.8,4.3,8.8,0.6,50,38,63.1,3.6,35.6,1.5,3.9,15233
2020-01-26,1.8,5.5,11.9,-0.2,28,20,56.3,7.3,72.3,2.7,6.1,22685
2020-01-27,0.1,5.9,7.5,4.8,11,6,48.1,0,0,4.6,7,16836
2020-01-28,0,6.8,9.9,4.3,13,7,49.4,0,0,2.6,5.4,32098
2020-01-29,2.9,6,9.6,3.2,17,9,46.4,3.1,30.4,2.1,3.6,37990
2020-01-30,3.7,5.2,10.4,1.4,18,12,47,5.5,53.4,1.8,3,38079
2020-01-31,0,3.9,8.9,1.4,25,17,59.6,6.1,59.2,2.3,4.4,35857
2020-02-01,0,2.6,7.6,-1.2,68,53,66.6,5.3,51.5,1.7,4.7,27151
2020-02-02,0,1.5,5.3,-2.1,74,58,52.3,4.8,46.6,1.8,4.7,22384
2020-02-03,0,-0.4,3,-2.9,26,18,43.6,9.6,92.3,3.1,5.7,29681
2020-02-04,1.7,-1.6,3.9,-6,25,18,50.3,6.4,61.5,2.8,6.2,23006
2020-02-05,2.2,-8.3,-4.9,-11,23,13,37.3,9.7,92.4,3.3,5.5,20311
2020-02-06,1.2,-6.4,0.4,-11.8,37,22,36.4,9.7,92.4,1.9,4,22401
2020-02-07,0,-1.7,2.2,-7.2,35,25,45.1,6.1,58.1,2,3.5,26540
2020-02-08,0,-0.1,3.7,-2.3,42,33,48.1,9.6,90.6,3,5.3,22046
2020-02-09,0,-0.5,4.1,-5.6,37,26,51.1,9.6,90.6,2,4.4,21099
2020-02-10,0,4,9.6,-0.7,50,35,49.4,9.7,91.5,1.7,4.2,33956
2020-02-11,1.6,6.8,14.6,-0.5,55,36,37,7.6,71,1.6,3.6,40563
2020-02-12,6.7,7.4,8.2,6.5,49,34,73.4,0,0,2.2,5,10698
2020-02-13,4.9,6.5,8.7,4.9,76,54,84.8,1.3,12.1,1.7,3.2,34375
2020-02-14,2.2,8.1,14.7,3.2,86,62,70.3,8.7,80.6,1.2,3,41229
2020-02-15,2,9.8,15.6,6.2,65,49,63,5,46.3,2.7,5,29837
2020-02-16,13.4,-1.4,7.7,-4.3,28,19,81.1,1.6,14.8,4,6.6,6798
2020-02-17,1,-5.9,-3.9,-7.1,41,20,64.3,3.2,29.4,3.4,5.6,13777
2020-02-18,1.8,-4.1,1.3,-8.3,24,17,44,10.1,92.7,2.3,4.1,19773
2020-02-19,1.2,1,6.4,-4.4,33,24,56.8,7.4,67.3,1.5,3.2,32721
2020-02-20,1.7,4.6,10.8,-0.6,60,45,62.6,9.4,85.5,1.7,3.3,36027
2020-02-21,4.2,6.7,10.9,2.1,79,62,66.3,1.1,10,2.2,5.3,29779
2020-02-22,3.1,4,7.9,0,43,25,62,5.9,53.2,4,8.2,18290
2020-02-23,1.5,2.5,8,-2.5,48,36,48.6,10.2,91.9,2,4.2,25159
2020-02-24,2.2,7,12.2,0.8,35,20,51.8,7.7,69.4,1.6,3.4,36094
2020-02-25,16.6,6.7,9.4,4.7,23,14,73.5,0.6,5.4,4.2,6.8,15939
2020-02-26,0,6.4,10.4,2.8,18,11,59.6,4.8,42.9,2.1,4,35773
2020-02-27,2.2,6.1,12.5,1.3,13,8,54,10.4,92,2,4.4,38526
2020-02-28,3.9,4.5,5.9,3.6,25,18,79.4,0,0,1.4,4.2,12644
2020-02-29,0.5,7.7,13,4.5,24,17,68.6,9.5,84.1,1.7,4.2,35697
2020-03-01,0.2,5.8,10.1,3.2,45,32,71.8,0.2,1.8,2,4.7,24431
2020-03-02,0,3.4,7.6,0,39,30,55.3,10,87.7,2.7,4.9,36641
2020-03-03,0,4.8,10.5,0.3,46,35,57,4.1,35.7,2.6,4.7,39447
2020-03-04,0,2.2,4.6,-1.3,47,37,53.4,6.6,57.4,3.7,6.8,31269
2020-03-05,1.9,1.4,6.3,-2.8,37,30,47.5,10.9,94.8,2.5,4.1,35851
2020-03-06,1.5,3.7,10.1,-2.5,39,27,46.8,10.6,91.4,1.6,3.6,40897
2020-03-07,1.7,7,14.2,1.3,53,40,39.5,5.9,50.9,2,4.1,42379
2020-03-08,1.9,9.3,16.9,2.3,52,40,43.8,10.7,91.5,1.6,4.6,54245
2020-03-09,1.8,11.1,17.6,4.8,53,39,37.6,7.1,60.7,1.8,4.5,53020
2020-03-10,11.8,6.4,10.8,3.2,41,32,78.4,0,0,2.8,5.3,10606
2020-03-11,2,3.8,8.3,0,32,15,41.8,11.2,94.9,3.3,5.5,45245
2020-03-12,0.7,6.8,13.3,0.2,33,14,49.8,8.1,68.6,2.5,5.4,50094
2020-03-13,0.5,4.9,8.7,-0.1,30,13,41,9.7,81.5,3.3,5.4,43554
2020-03-14,1.4,3.6,8.6,-2.7,35,19,48.1,10,84,3,6.8,42569
2020-03-15,1,4,8.5,0.2,40,19,48.3,8.5,71.4,3.6,7.8,33215
2020-03-16,2,3.6,9.1,-2.1,23,14,42.4,11.3,94.2,2.8,5.2,42441
2020-03-17,0,6.6,12.3,3.1,46,22,65.8,4.2,35,2.1,5.2,47241
2020-03-18,1.3,10,17,2.7,64,38,45.8,11.1,91.7,1.8,4.4,62119
2020-03-19,0,9.1,12.1,5.8,56,26,49,7.7,63.6,4.8,8.2,24256
2020-03-20,1.8,8.8,14,3.1,38,10,39.6,11,90.9,3.1,6.6,53839
2020-03-21,0.1,12.8,19.5,7.9,53,17,56.5,6.1,50,2,5.1,63759
2020-03-22,1.1,11,16.5,6.1,41,17,37.5,11.6,95.1,3,5.6,64436
2020-03-23,1.1,10.6,17,5.4,46,28,37.9,11.5,93.5,1.9,4.8,63686
2020-03-24,1.7,11.4,17.9,5.3,55,35,35,11.5,93.5,1.8,4,69998
2020-03-25,1.3,12.5,19.2,6.1,47,31,33.6,9.2,74.2,1.9,5.3,73460
2020-03-26,1.8,14.8,20.6,8.1,51,32,53.8,4.3,34.7,1.9,5.3,47633
2020-03-27,2,11.9,15.8,6.7,41,21,56.4,7.4,59.7,3.3,5.8,60183
2020-03-28,1,7.7,12.8,4.5,29,8,17.9,9.1,72.8,3.2,5.5,64677
2020-03-29,0.7,8.7,16.1,1.3,38,17,30.6,11.6,92.8,2,4.6,68430
2020-03-30,1.2,10.2,16.9,4.3,51,28,38.4,11.7,93.6,1.8,4.1,69293
2020-03-31,1.2,11.9,18.6,4.7,47,27,34.5,10,79.4,2,4.4,74621
2020-04-01,0.8,11.3,17.4,6,64,30,35.6,8.6,68.3,3.7,7.3,70258
2020-04-02,0.8,9.3,15.5,3.4,40,27,41.4,10.6,83.5,2.3,5.5,72129
2020-04-03,1.5,10,16.3,5.3,55,32,53.8,10.7,84.3,2.7,5.7,74856
2020-04-04,1.1,8.9,13.3,5,67,29,36.4,10.4,81.3,3.4,6.3,66405
2020-04-05,0.9,7.2,13.7,1.9,43,23,29.5,12.1,94.5,2.8,5.4,64111
2020-04-06,0.9,9.3,16.1,2.9,54,24,38.3,11.4,89.1,2.4,5.9,68414
2020-04-07,0.4,10.6,16.8,6,55,26,56.6,9,69.8,2.5,5.1,73685
2020-04-08,0.9,9.4,14.2,5.2,40,20,25.5,12.3,95.3,3.5,5.9,72863
2020-04-09,1.3,8.9,14.7,4.3,44,25,44.6,11.8,91.5,2.8,5.7,73382
2020-04-10,1.6,10.7,16.8,5.8,40,25,52.6,9.2,70.8,2.4,4.1,75021
2020-04-11,0.5,9.9,16,6.2,38,23,63.8,8.8,67.7,2.5,4.9,75637
2020-04-12,2.2,9.9,15.6,4.4,31,21,58.6,8.3,63.4,3.8,7.4,63335
2020-04-13,1.6,12.4,20.4,4.3,20,12,39.4,12.2,93.1,3.1,5.5,77604
2020-04-14,1.5,13,19.6,7.6,49,29,46.8,12.1,92.4,2.4,5.3,83798
2020-04-15,1.5,13.2,20.2,7.2,60,38,39.8,10,75.8,2.2,5.6,89789
2020-04-16,1.6,16,23.8,8.9,50,30,39.9,10.6,80.3,2.3,4.5,83970
2020-04-17,6.5,12.5,15.4,10.4,40,21,77.8,0.3,2.3,2.4,4.8,35656
2020-04-18,2.1,13.5,19.6,8.5,26,13,67.9,10.4,78.2,2.6,4.8,92829
2020-04-19,10.3,12.3,15.5,9.5,25,16,75.8,0.3,2.3,2.7,5.2,29375
2020-04-20,0.1,10,13.1,7.6,14,9,73,1.3,9.7,3.3,6.8,56129
2020-04-21,3.9,7.4,10.4,4.8,32,11,49,10.1,75.4,4.4,8.9,58746
2020-04-22,0,6,8.3,4.1,77,11,46.8,5.3,39.6,4,6.4,51337
2020-04-23,3.8,7.9,12.8,2.9,41,13,47.8,11.8,87.4,3.7,7.9,64765
2020-04-24,5.3,9.9,14.3,4.1,37,13,55.6,12,88.9,3.9,8.2,72883
2020-04-25,2.3,13.1,17.1,9.9,55,22,54.4,8.5,62.5,3.9,7.8,78419
2020-04-26,1.6,12.3,19,6.8,28,14,43.1,12.5,91.9,3.2,6.5,82600
2020-04-27,0.2,12.9,18.3,8.7,31,17,49.8,9.7,71.3,2.8,5.5,77149
2020-04-28,1.9,13.9,19.9,7.8,34,19,50,12.6,92,3,5.5,86541
2020-04-29,1.4,14.9,21,9.3,44,25,48.6,12.2,89.1,2.6,5.2,88827
2020-04-30,0.2,17.1,23.4,9.3,35,18,57.1,8.2,59.9,2.7,5.9,96877
2020-05-01,0.4,20.2,26.2,16.4,52,31,73.6,6.1,44.2,2.7,5.5,93249
2020-05-02,0,20.3,23.9,18,48,28,79.6,0.2,1.4,2.3,4.6,88508
2020-05-03,0,21.8,27.4,17,28,17,68.8,5.9,42.8,2,3.9,89287
2020-05-04,1.3,20.2,25.3,14.8,32,17,63.9,10.1,72.7,2.7,4.6,93579
2020-05-05,0,16,19.3,13.1,33,17,67.9,3.3,23.7,1.9,5.3,88219
2020-05-06,1.1,19.4,27.6,11.1,30,15,50,12.8,92.1,2.1,4.4,88561
2020-05-07,1.9,20.7,26.5,14.9,24,12,32.5,8.7,62.1,2.5,4.3,90645
2020-05-08,2.3,19.9,27.3,14.3,25,12,32.8,7.5,53.6,2.4,4.5,63474
2020-05-09,24.4,14.2,16.8,12.7,14,7,94.4,0,0,3.6,5.9,7600
2020-05-10,1.3,14.4,16.6,12.8,27,18,88.6,0.4,2.8,2.5,4.1,65932
2020-05-11,3.4,16.5,22,12.4,97,24,61,7.2,51.1,3,5.6,76042
2020-05-12,0.7,14.3,18.9,10.5,39,12,69.4,5,35.5,2.9,5.4,78200
2020-05-13,1.6,16.1,21.8,10.2,33,13,47.3,13,92.2,2.8,6.5,89183
2020-05-14,2.5,19.3,25.4,12.4,37,14,35.4,6.6,46.5,2,4.3,89149
2020-05-15,12,16.1,20.2,14.1,38,12,81.4,0,0,3,5.3,13782
2020-05-16,2.5,16.7,20.3,15,25,13,90.3,0.6,4.2,1.6,3.3,64549
2020-05-17,0,19.1,24.9,14.6,40,26,80.1,3.9,27.3,1.7,4.3,89449
2020-05-18,29.8,19.1,26.8,13.2,41,25,79.4,3.2,22.4,2.4,7.2,36761
2020-05-19,19,13,17.1,10.1,18,8,73.6,3,21,3.2,7.2,55556
2020-05-20,0,14.4,20.1,9.2,8,4,60.4,4.5,31.5,1.9,3,88257
2020-05-21,2.2,17.4,22.9,10.9,20,11,56.1,9.4,65.3,2.1,3.3,93930
2020-05-22,0,18.5,22.7,14.8,42,28,68.5,0.7,4.9,1.9,4.9,89317
2020-05-23,0,20.1,25,16.6,44,30,66.1,6.8,47.2,2.2,4.7,101256
2020-05-24,14.5,17.1,20.2,14.3,25,17,84.8,1.1,7.6,2.9,6.5,80357
2020-05-25,0,16.6,21.3,13.7,34,23,81,2.5,17.2,2.1,3.8,92531
2020-05-26,1.5,16.2,22.9,12.7,39,24,81.9,4.8,33.1,2.1,5.4,68498
2020-05-27,2.9,17.4,23.9,11.8,22,14,68.5,13.2,91,2.6,5.9,101949
2020-05-28,0,18.7,23.4,14.2,30,20,62.8,8.4,57.9,1.9,3.9,99792
2020-05-29,2.5,20.7,27.6,14.6,33,21,65.6,12.7,87.6,2,4.1,103999
2020-05-30,2.1,22.6,30,16.5,37,25,57.3,11.3,77.4,1.9,4.3,105172
2020-05-31,1,21.2,28,17.6,40,29,63,5,34.2,2.3,5.7,93547
2020-06-01,0.4,19.7,24.5,16.6,18,10,64.3,11.5,78.8,3.4,6.2,99930
2020-06-02,2,17.9,21.8,14.8,23,13,71,0.2,1.4,2.2,4.1,79833
2020-06-03,1.2,22,28.4,17.6,46,24,73.3,9.5,65.1,2.4,5.6,103887
2020-06-04,0.2,21.9,26.5,19.7,52,25,81.1,4.7,32.2,2.7,4.7,97656
2020-06-05,2.5,23,28.7,18.4,43,23,69.4,8.8,59.9,1.8,3.8,107343
2020-06-06,1.6,24.6,30.9,19.2,49,30,63.6,8.6,58.5,2,4.4,105033
2020-06-07,0.8,22.7,29.2,19.2,48,28,69.4,9.2,62.6,2.3,5.1,101848
2020-06-08,1.3,25,32,19.8,42,25,63.6,11.3,76.9,2.1,5.5,103582
2020-06-09,2.4,26.7,32.8,20.3,52,25,51.6,12.9,87.8,2.3,4.3,102084
2020-06-10,6.2,25.8,32.1,22.5,48,26,63.8,5.2,35.4,2,6.2,58133
2020-06-11,0,26.1,31.6,21.7,31,19,68.3,8,54.4,2.2,4.6,100031
2020-06-12,0.5,24.7,27.6,21.6,47,22,68.6,0.5,3.4,1.7,3,109210
2020-06-13,0,26.9,33.5,20.6,57,28,52.8,9.7,66,1.9,5,90396
2020-06-14,1.1,24,28.8,20.1,38,22,70.6,8.1,54.7,2.9,5.9,94406
2020-06-15,0,23,28.6,18.2,26,15,62.3,10.1,68.2,2.8,6.3,108320
2020-06-16,1.5,24.4,30.7,20,53,37,63,7.5,50.7,2.2,4.4,106519
2020-06-17,1.6,24.3,30.3,20.2,51,33,58.6,5.9,39.9,2,4.3,107723
2020-06-18,1.2,23.4,27.3,20.3,35,21,61.4,0.1,0.7,1.6,3.4,110377
2020-06-19,0.1,24.7,30,21.1,24,15,61.4,6,40.5,2.1,4.2,109124
2020-06-20,1.5,24.9,29.7,20.7,38,24,62.6,11.7,79.1,2.1,4.6,102333
2020-06-21,1.9,26.1,32.7,19.5,33,22,59.5,13.5,91.2,2,4.5,95453
2020-06-22,2.5,28.6,35.4,21.7,40,24,50.5,13.3,89.9,2,4.1,98394
2020-06-23,0,27.3,31,23.2,40,24,53.5,5.1,34.5,1.9,3.7,103214
2020-06-24,37.6,22.3,26.3,19.9,34,21,83.5,0,0,2.7,5.7,19756
2020-06-25,13.3,21.6,23.4,20.1,13,8,91,0.1,0.7,2.2,4.3,46415
2020-06-26,2.1,21.8,25.7,19.2,23,14,82.1,3.1,20.9,3.2,5.3,96150
2020-06-27,0,24.1,29.6,20.4,25,17,70.4,7.4,50,2,5.4,107001
2020-06-28,1.8,25.2,30.1,21.5,30,19,70.5,12.4,83.8,2.4,4.7,98568
2020-06-29,11.9,23.8,26.5,20.6,35,24,77,1.7,11.6,2.4,5.9,70053
2020-06-30,64.7,20.1,23.1,18.4,9,5,83,0,0,4,7.6,38086
2020-07-01,0,21.1,24.3,18.1,19,11,79.3,0.2,1.4,1.9,3.7,105196
2020-07-02,2.2,24.2,29.8,20.4,51,34,74.5,5.4,36.7,1.9,3.4,107842
2020-07-03,0.1,25.5,30.6,21.6,52,32,63.5,9.6,65.3,2.6,6.1,102753
2020-07-04,1.6,24.2,29.5,20.4,24,15,63.9,9.5,64.6,2.1,4.4,98488
2020-07-05,2,23.8,27.6,19.9,29,22,68.6,6.4,43.5,1.9,3.5,104664
2020-07-06,0,25.6,30.9,21.8,24,18,66.6,5,34,2.1,4.7,106825
2020-07-07,0,24.1,28.1,22.1,17,11,75.5,4,27.4,2.5,4,91407
2020-07-08,2.5,25.5,30.4,21.3,32,20,71.9,10,68.5,2,3.7,105876
2020-07-09,2.7,27.5,32.9,21.8,42,29,64.6,7.7,52.7,1.7,3.6,102828
2020-07-10,2.2,24.5,27.7,22.7,16,11,75,3.1,21.2,2.8,6.6,90880
2020-07-11,0.5,25.8,30.2,22.2,8,4,62.6,6.6,45.2,2.6,5,103657
2020-07-12,2.9,23.5,26,21.7,13,9,71.9,0,0,2.4,3.6,57367
2020-07-13,47.6,18.7,21.7,17.7,9,6,94.8,0,0,4,5.9,4859
2020-07-14,11.5,20.3,24.3,17.2,7,3,79.4,0.1,0.7,2.8,4.4,85486
2020-07-15,1.7,23.4,28.7,18.9,13,6,63.1,9.3,64.1,2,3.4,106949
2020-07-16,2.8,25,29.7,20.4,29,18,70.9,10.2,70.3,1.8,3.5,102741
2020-07-17,0,26,31.6,21.5,38,25,72,7.5,51.7,1.9,5.6,99949
2020-07-18,1.6,26.1,31,22.8,43,30,71.6,4.3,29.7,1.6,4,98309
2020-07-19,29.1,24,26.6,20.6,21,15,81.6,0,0,2.7,4.3,60804
2020-07-20,3.6,23.8,26.6,22.4,18,11,86.3,0,0,3.7,7,72291
2020-07-21,0,25,30.5,21.4,29,21,77,4,27.8,1.6,4.2,100825
2020-07-22,11.5,23.7,25.7,22.6,24,16,89.3,0,0,1.6,3.4,46448
2020-07-23,103.1,21.1,22.6,18.5,20,12,95.5,0,0,3.6,8.3,10739
2020-07-24,2.9,22.5,26.8,18.7,6,3,74.3,1,7,4.6,8.7,76995
2020-07-25,0,24.3,29,22.3,5,2,69.3,1.9,13.3,3.1,6.1,102498
2020-07-26,0,25.4,29.6,21.6,8,5,69.3,5.6,39.2,2,3.3,94802
2020-07-27,2.2,24.3,25.5,22.9,12,8,86.4,0,0,2.2,3.2,52922
2020-07-28,0.4,24.4,26.4,22.7,13,7,84.8,0,0,2,3.1,68214
2020-07-29,50.1,23.7,24.9,22.6,12,6,95.8,0,0,2,3.4,31724
2020-07-30,0.1,25.3,28.4,23.4,21,14,85.5,3,21.3,2.1,3.8,92468
2020-07-31,1.5,26.2,29.6,22.8,24,17,81.9,5,35.5,2,4.6,95705
2020-08-01,39.1,25.3,26.9,24.3,15,9,90.9,0,0,1.7,4.9,34998
2020-08-02,31.4,24.9,26.4,23.5,13,6,96.3,0,0,2.3,7.5,11491
2020-08-03,102.6,25,26.3,23.9,16,11,96.3,0,0,3,8.3,17575
2020-08-04,3.9,27,29.4,25,40,26,89.3,0.4,2.9,3.5,5.7,49378
2020-08-05,18.5,26.5,29.1,25.5,37,23,92.1,0.1,0.7,1.9,4.6,28751
2020-08-06,75.7,24.1,26,22.9,16,9,92.8,0.2,1.4,3.3,6.5,51456
2020-08-07,0,24.3,26.1,22.6,29,19,85.3,0,0,1.8,3.3,78071
2020-08-08,19.1,24.2,26.1,22.7,15,9,89.5,1.8,12.9,2.3,3.7,40020
2020-08-09,50.3,24.9,25.8,23.7,9,5,95.4,0,0,2.6,6.8,12384
2020-08-10,44.6,26.5,29.5,24.7,13,7,91.6,0.2,1.4,2,4.3,23519
2020-08-11,97,24.6,27.3,22.4,10,7,92.5,0.5,3.6,2.2,4.7,50974
2020-08-12,5.9,27.2,31.3,23.5,22,14,83.9,2.1,15.3,1.9,4.3,78261
2020-08-13,2.1,28,30.3,26.3,26,13,82.4,0.2,1.5,2.5,4.9,79353
2020-08-14,0.4,27.1,28,26.5,32,19,86.1,0,0,3.5,5.7,72875
2020-08-15,69,26.1,27,25,41,28,96,0,0,1.9,5.6,26267
2020-08-16,6.1,27.4,30.8,25.3,22,15,82.6,2.4,17.6,3,5.2,66011
2020-08-17,2.8,28.2,32.2,26.1,26,18,77.9,5.8,43,2.3,4.1,73368
2020-08-18,3.9,27.5,31.9,24,34,24,76.3,7.9,58.5,1.6,3.6,82202
2020-08-19,2.3,27.1,31.4,23.6,43,31,76.8,9.4,69.6,2,4.4,84665
2020-08-20,1.7,27.7,31.7,25,39,28,76,3.1,23.1,1.7,4.2,85420
2020-08-21,2.5,26.6,29.2,25.2,29,22,83.1,0.8,6,1.6,3.5,78701
2020-08-22,42.6,24.3,27.6,21.7,17,11,87.4,0.6,4.5,2.1,5.5,40126
2020-08-23,4.9,25.3,29.9,21.5,13,8,78.4,6.8,51.1,1.9,3.9,80594
2020-08-24,0.9,27.8,32,23.7,25,17,71.6,8.8,66.2,2.2,4.9,90297
2020-08-25,0.6,29.9,34.5,26,32,25,69.5,7.6,57.6,2.1,4.6,87894
2020-08-26,0.6,30.2,34.5,27,28,18,68.3,7.5,56.8,3.4,6.5,40169
2020-08-27,8.7,27.1,28.6,25.6,21,12,84.6,0.5,3.8,3.6,7,32745
2020-08-28,13.6,27.3,29.7,26,23,16,89.1,2,15.3,1.6,4.4,62045
2020-08-29,13.6,26.8,29,25.5,17,11,90.1,1.7,13,1.3,4,33797
2020-08-30,42.5,26.8,30.6,24.4,14,11,88.8,2.4,18.3,2.1,4.8,52904
2020-08-31,0,26.4,30,23.8,13,4,77.9,1.9,14.6,2.8,4.3,87662
2020-09-01,0,26.6,29.5,23.8,20,8,72.4,1,7.7,1.9,3.6,87892
2020-09-02,33.3,24.3,26.4,22.6,16,9,91.3,0,0,2.3,4,13744
2020-09-03,29.8,22.7,25.6,20,15,6,82,2.8,21.7,4.8,9.8,71524
2020-09-04,0.3,23.3,27.5,19.9,24,11,63.9,10.1,78.3,2.7,5.6,115059
2020-09-05,0.8,23.3,27.3,19.2,30,20,66.6,3.3,25.8,2,3.5,113253
2020-09-06,6.4,21.7,24.4,19.5,26,16,80,0,0,2.7,4.8,54125
2020-09-07,61,19.2,20.6,17.5,8,4,93.5,0,0,4.2,7.9,3144
2020-09-08,0,23.4,26.5,20.6,24,12,71.5,9.5,74.8,4.2,7,104606
2020-09-09,1.3,21.1,25.3,19,30,20,83.4,3.1,24.4,2.1,7.6,75412
2020-09-10,3.9,22.8,27,18.8,26,17,75.8,9,71.4,2,4.2,107150
2020-09-11,1.2,22.4,27.1,19.2,28,18,72.6,4.5,35.7,2.8,4.9,61474
2020-09-12,5.7,20.2,23.2,18.1,12,7,83.8,0,0,2,3.9,44703
2020-09-13,2.2,21.5,26.6,16.7,9,4,70.4,9.8,78.4,1.9,3.5,118921
2020-09-14,0,21.3,24.9,17.6,21,14,79.3,5.7,45.6,1.8,4.3,106465
2020-09-15,2.5,23,27.7,18.9,35,23,76.4,5.1,41.1,1.6,3.3,111912
2020-09-16,0.3,22.5,24.9,21.3,26,17,79.9,0.3,2.4,1.9,3.4,88745
2020-09-17,0,21.3,23.6,20.1,22,10,70.3,0.7,5.6,2.1,3.7,110088
2020-09-18,0.4,21.5,25.8,18.1,22,8,62,9.8,79.7,2.8,6,118363
2020-09-19,0.3,21.2,26.2,17.6,21,9,59.3,9.7,78.9,2.2,5.3,117633
2020-09-20,0.6,19.7,24.9,15.6,18,10,57.6,11.4,93.4,2,4.9,110798
2020-09-21,2.7,19.1,25.3,13.6,23,14,56.1,9.6,78.7,1.7,2.9,108369
2020-09-22,1.2,20.2,25.6,15.5,19,10,55.3,10.7,87.7,2.8,4.6,112619
2020-09-23,0.6,19.2,23.8,15.2,14,4,59.9,7.2,59.5,3.3,5.3,111343
2020-09-24,0.9,20.6,25.4,16.8,14,4,59.6,8,66.1,3.7,5.7,111994
2020-09-25,0,20.1,25.4,16.6,16,6,64.1,3.5,28.9,2.5,4.9,114720
2020-09-26,0,19.3,24.8,14.8,17,6,62.5,8,66.7,2.4,6.2,115111
2020-09-27,1.2,20.4,25.8,14.9,15,7,63.3,9.8,81.7,2,3.9,109610
2020-09-28,2.2,20.7,26.5,15.7,25,14,66,10.5,88.2,2,3.6,107714
2020-09-29,0.6,19.6,23.9,15.3,28,17,67.6,6.3,52.9,1.9,4.3,113823
2020-09-30,38.3,19.6,25.7,16.2,30,19,78,4.9,41.5,1.7,4.1,71676
2020-10-01,2.1,18.8,23.6,15.6,15,10,74.9,2.5,21.2,2.1,4.7,82099
2020-10-02,0,19.2,21.9,16.3,23,15,79.6,1.9,16.1,2.3,5.2,75275
2020-10-03,0,19.9,23.2,18.3,32,20,72.5,1.8,15.4,1.6,3.6,97726
2020-10-04,0,16.6,21.8,10.6,23,13,65.1,4.3,36.8,2.8,7.2,86091
2020-10-05,0.6,13.3,18.4,8.5,21,9,57.3,10.5,90.5,2.5,5.1,93156
2020-10-06,0.7,14.2,19.7,9.3,20,10,55.9,10.8,93.1,2,4.1,100369
2020-10-07,1.7,16,22,9.9,25,12,48.9,8.9,76.7,1.9,3.4,103348
2020-10-08,1.1,17.2,23.1,12.1,18,9,53,10.8,93.9,3.1,5.4,105509
2020-10-09,1,17.2,23.3,12.4,18,9,53.4,10.6,92.2,3,5.2,104087
2020-10-10,0.7,16.9,21.5,12.3,21,10,60.1,7.6,66.7,2,3.8,104678
2020-10-11,0,16.9,20.8,12.7,22,13,68.5,4.9,43,1.8,4.1,95405
2020-10-12,0.3,16.2,21.3,12.1,40,21,68.6,7.5,65.8,2.2,4.6,97721
2020-10-13,0,13.6,18.4,8.6,28,12,52.3,7.1,62.8,2.2,4.7,97160
2020-10-14,0,12.8,18,8.5,39,15,47,5.8,51.3,2.4,5.8,92998
2020-10-15,1.7,11.7,18.5,6.5,35,12,41.8,7.2,63.7,1.5,3.7,92555
2020-10-16,1.1,11.8,15.4,8.6,41,22,64.3,0,0,1.5,2.5,92609
2020-10-17,1.3,13.1,18.6,8.7,35,20,64.3,10.1,90.2,1.8,4.3,94840
2020-10-18,1.5,13.6,20.2,7.2,29,16,65.5,9.7,87.4,2,3.9,89401
2020-10-19,3.3,15.1,21.3,9.8,60,32,74.4,9.8,88.3,1.7,3.4,95110
2020-10-20,3.6,15.2,21.7,9.9,67,39,67.1,10,90.1,1.6,3.1,98577
2020-10-21,0,14.1,17.3,11.8,44,25,69.4,0.1,0.9,1.9,3.8,96566
2020-10-22,0,13.5,18.2,8.4,82,36,66,5.4,49.1,2.8,5.7,92100
2020-10-23,0.9,8.6,13.3,5.4,29,11,51.5,9.9,90.8,3,5.5,84672
2020-10-24,0.2,8.7,14,3.2,28,12,47.6,9.9,90.8,2.5,5.9,77452
2020-10-25,1,11.8,18.2,5.4,28,15,62.5,8.8,80.7,1.7,3.8,80497
2020-10-26,1.8,12.9,19,8,53,28,71.6,9.2,85.2,1.6,4.4,92374
2020-10-27,2.7,14,19.4,9,79,46,74.1,8.3,76.9,1.8,3.4,95411
2020-10-28,0.5,13.8,18.2,8.6,46,22,52.1,9.2,85.2,2.5,4.8,95033
2020-10-29,0.4,10.8,16.1,5.5,39,15,40.3,9,84.1,2,4.5,92267
2020-10-30,2.5,11.9,19.6,5.8,47,21,42.9,9.7,90.7,1.5,3.2,97088
2020-10-31,0,13.6,18.2,8.5,29,15,60.3,5.8,54.2,2.6,5,89444
2020-11-01,13.6,13.7,15,11.6,41,23,84.3,0,0,2.3,4.5,32925
2020-11-02,1.7,10.8,15.6,7.9,50,17,58.3,9.6,90.6,2.3,4.9,86705
2020-11-03,0.5,5.1,8.6,2.7,24,9,47.5,9.2,86.8,3.5,8.4,69439
2020-11-04,0.9,4.9,10.8,0.2,34,13,43.9,9.6,91.4,2.3,4.2,74159
2020-11-05,2,9.6,15.9,3.4,41,17,61.5,8.4,80,1.8,3,85090
2020-11-06,0.7,13.5,17.2,9.9,47,25,63.3,0.3,2.9,1.7,3.3,91815
2020-11-07,0.1,14.6,18.1,12.2,89,38,68.8,7,67.3,2.7,4.9,84151
2020-11-08,2.1,8.5,12.4,3.1,67,16,43.8,9.5,91.3,3.1,6.2,62244
2020-11-09,0.9,5.5,8.9,0.7,28,9,40.9,6,58.3,1.8,4,73482
2020-11-10,0.3,7.7,12.9,3.5,28,11,56.1,9.6,93.2,2.2,5,81965
2020-11-11,3,9.3,16.5,3.5,43,22,53.5,9.6,93.2,1.6,2.6,86595
2020-11-12,2.5,10.4,17.7,4.6,66,40,56.9,9.4,91.3,1.7,3.4,88193
2020-11-13,2,12.2,17.6,8.5,73,44,71.5,5.5,53.9,1.6,3,90754
2020-11-14,1.7,12.5,19.3,6.8,67,42,66.9,8,78.4,1.7,4,81553
2020-11-15,1.4,11.1,14.9,8.2,72,48,75,6.8,66.7,1.7,3.7,69098
2020-11-16,2,12.4,18.3,7.5,70,44,70.1,8.4,83.2,1.6,4.1,87583
2020-11-17,0.1,15.9,20,11.7,62,40,67.5,1.3,12.9,2.3,4.5,81258
2020-11-18,12.2,16.6,18.7,14.8,45,29,91.4,0,0,2.6,3.6,44452
2020-11-19,86.9,13.6,19.1,6.9,19,11,90.5,0,0,4.2,7.3,34590
2020-11-20,0,2.8,7,0.3,23,14,74.3,0,0,3.2,5.6,60332
2020-11-21,0.2,6.5,12.8,-0.3,28,20,67.9,6.6,66,2.1,4.8,60290
2020-11-22,4.8,5.6,9.1,1.5,28,20,80.5,0.4,4,2.5,5.7,34828
2020-11-23,0.8,1.7,5.9,-1.5,27,17,61.4,9.2,92,2.3,4.9,58766
2020-11-24,0,2.9,6.4,0.2,28,17,54.5,1.3,13.1,1.8,3.8,61865
2020-11-25,0.3,4.6,9.5,0,38,24,64.1,4.6,46.5,1.5,3,64921
2020-11-26,0.4,5.6,10.9,1.9,58,38,66.5,6.6,66.7,1.7,3.6,64297
2020-11-27,0,4.1,7.7,0.6,45,30,61.6,5,50.5,2.7,5.3,58092
2020-11-28,1.6,-0.1,2.8,-2.3,24,14,50,9,91.8,2.8,5.3,38492
2020-11-29,0,-0.6,2.6,-3.6,26,16,59.6,1.5,15.3,2.2,4.5,32211
2020-11-30,0.7,-0.2,4.3,-3.6,28,18,57.8,9.1,92.9,1.9,4.6,49925
2020-12-01,1,1.1,6.7,-3.6,32,21,44.5,7.3,74.5,1.9,4,53885
2020-12-02,1,2.4,6.1,0.5,34,20,41.4,3.4,34.7,1.8,3.9,55611
2020-12-03,1.3,0.7,4.2,-2.3,26,17,47.1,9.1,93.8,2.7,4.9,51533
2020-12-04,0.8,-0.6,4.4,-4.6,30,19,53.8,9,92.8,1.8,4.3,50915
2020-12-05,0,2.1,6.6,-2.2,36,23,63.1,5.1,52.6,1.7,3.9,42953
2020-12-06,0,4.5,9.1,1.2,45,33,66.9,6,61.9,1.8,4.3,40616
2020-12-07,0.2,3.4,6.3,-0.7,56,41,57.5,7.4,76.3,2.6,5.6,49809
2020-12-08,1.3,-0.5,4.1,-3.5,23,14,50,8.7,89.7,2,3.9,47614
2020-12-09,1.1,1.5,6.2,-4.1,39,25,55.1,5.9,60.8,1.5,3,50476
2020-12-10,0,5.8,9.3,3.2,63,44,69.9,1.1,11.5,1.7,3.5,53421
2020-12-11,2.7,5.3,9.4,2.6,109,75,77.1,2.4,25,1.8,4.5,53536
2020-12-12,0.8,2.3,6.1,-0.3,56,35,51.3,8.6,89.6,2.1,4.8,42146
2020-12-13,2.9,-1.1,2,-6,36,25,74.9,1.1,11.5,2.9,6.1,14362
2020-12-14,3,-7.7,-5,-9.7,23,12,49.1,8.9,92.7,3.4,5.3,28030
2020-12-15,2.6,-8.3,-4.6,-11.1,19,11,43,9,93.8,2.8,5.2,28028
2020-12-16,2.4,-8.3,-3.9,-11.2,22,13,43.9,9,93.8,2.6,4.6,27678
2020-12-17,0,-4.9,0.8,-11.1,30,20,47,9,93.8,1.7,3.7,32315
2020-12-18,0.2,-2.1,1.8,-6.4,36,24,57,5.5,57.3,3,5.4,30195
2020-12-19,1.9,-5.1,-1.2,-9.6,27,14,45.1,9,93.8,2.4,5.1,24130
2020-12-20,1.8,-3.7,1.1,-8.2,27,16,50.4,9.1,94.8,2,4.4,23442
2020-12-21,1.5,-1,4.7,-6,42,29,64.1,8.8,91.7,1.6,3.7,37286
2020-12-22,0,2,7.2,-2.5,56,39,67.6,5.2,54.2,2,4.7,42486
2020-12-23,0,4.5,8.5,-0.4,72,51,76.6,1.7,17.7,2.3,5.1,42218
2020-12-24,1.6,2.6,6.1,-2,67,39,61.5,7.9,82.3,2.9,6.5,41102
2020-12-25,1.5,-0.8,3.5,-4.7,30,16,51.9,9,93.8,2.1,4.7,28600
2020-12-26,1.2,2.2,8,-2.1,58,31,65.8,8.2,85.4,1.8,3.9,37137
2020-12-27,0,5.8,10,1.4,70,42,62.9,5.9,61.5,1.8,2.8,37103
2020-12-28,1.3,6.7,11.4,4.2,66,44,72.1,8,83.3,1.4,3.1,46912
2020-12-29,0.2,0.1,4.3,-6.2,69,46,70.8,0,0,2.9,6.1,35747
2020-12-30,4.1,-10.9,-6.2,-12.9,39,15,55.5,8.3,86.5,4.1,6.2,22488
2020-12-31,0,-8.9,-5,-12.9,28,12,53.9,6,62.5,2.4,4.2,24535
