"temp_mean","temp_highest","temp_lowest","PM10","PM2.5","humidity","sunshine_sum","sunshine_rate","wind_mean","wind_max","rental"
-1.3,3.8,-5.1,34,17,39.1,8.3,86.5,1.4,3.8,4950
-1.8,1.8,-4.3,36,22,42,7.9,82.3,1.8,4.9,7136
-4.7,-0.4,-7.1,31,19,42.3,8.6,88.7,2.2,3.5,7156
-4.7,-0.7,-8.7,39,24,43,6.2,63.9,1.4,3.5,7102
-3,1.6,-5.6,51,35,48.4,8.2,84.5,1.7,3.6,7705
-2.8,2.9,-6.8,38,27,45.8,8.8,90.7,1.5,3.1,5681
-0.8,2.8,-5.7,47,36,42.1,3.1,32,0.8,2.5,5220
1.3,4,-1.2,49,37,51.9,0.5,5.2,1.8,7.1,6309
-4.2,-1.2,-6.1,37,19,59.4,8.4,86.6,2.9,6.1,5988
-7.5,-4.8,-10.3,27,13,52,8.8,89.8,3,6.1,4476
-11.1,-7.4,-13.6,30,22,49.8,8.7,88.8,2.8,4.9,4337
-10.2,-5.4,-15.3,21,14,35.4,8.8,89.8,1.7,3.6,4401
-4.4,-1.2,-6.6,48,37,67.3,0.9,9.2,0.8,1.7,3756
0.6,5.4,-4.4,64,50,64.1,5.6,57.1,1.2,2.8,4675
4.7,7.7,1.8,63,45,63.9,6.5,65.7,1.4,3.3,6993
3.5,6.8,0.1,97,74,59.1,0.5,5.1,0.7,2.2,7421
4.5,8.7,2.4,99,78,64.1,4.8,48.5,1.2,3.7,6990
1,5.5,-2.5,51,28,43,8.7,87.9,1.6,3.7,8329
2.2,6.9,-1,86,56,57.6,5.3,53,1.6,3.6,6148
0.4,5.5,-3.7,52,33,36.6,8.2,82,1,3.2,5574
0.2,4,-5.3,38,21,56.5,0.7,7,1.5,5.1,4929
-11.7,-5.3,-14.6,21,12,42,9.1,90.1,3.7,5.4,4263
-14.2,-10.7,-16.3,26,10,31.6,8.9,88.1,3.4,7.2,3370
-14,-9.5,-16.4,22,12,32.6,8.3,82.2,2.8,4.8,3307
-9.9,-3.5,-15.9,37,26,37.4,9,88.2,1.4,3.4,2833
-6.3,-1.2,-9.3,26,17,36,7.6,74.5,2.6,5.6,3028
-8.5,-4.7,-11.6,39,16,35,8.9,87.3,2.7,6.2,4425
-5.3,-0.8,-11.4,36,20,62,5.6,54.4,1.3,3.8,3591
-2.6,0,-5.2,35,18,54.5,1.8,17.5,1.6,3.4,4104
-4,1.2,-8.8,34,21,44.1,9.1,88.3,1.6,3.9,5821
-2.4,3.8,-7.6,48,32,51.1,8.8,84.6,1.6,3.6,6557
-7.3,-2.1,-10.4,31,19,47,9.1,87.5,3.8,5.7,3499
-9.5,-5.2,-12.8,27,20,40.9,9.1,87.5,3.1,5.6,2642
-9.4,-5.1,-11.8,23,14,37.8,9.3,88.6,3,5.6,4213
-10.1,-5.8,-12.8,27,17,36.5,9,85.7,3.1,4.9,4257
-8,-1.6,-13.4,34,23,39.8,9.2,87.6,1.5,3.3,5028
-4.4,2,-9.7,45,32,43.3,9.2,86.8,1.2,3,6114
0.4,6.1,-5.3,63,48,43.9,2.2,20.8,1.1,3,6905
-0.5,3.2,-6.9,66,39,47.4,5.3,50,3,6.3,4829
-6.1,-2.2,-9.5,44,13,42.5,6.6,61.7,2.7,5.1,3047
-5.8,-1.8,-9.6,41,13,40.8,8.7,81.3,2.7,5.2,5231
-0.8,4.3,-7.4,43,14,54.5,8.3,76.9,2.7,5.6,6863
3.5,8.7,-0.7,59,27,51,3.3,30.6,2.6,5.4,7477
-1.1,4.9,-5.5,41,16,40.1,9.7,89,2.1,5.5,3047
-0.4,5.2,-4.9,30,14,26.9,7.2,66.1,1.3,3.5,5191
1.8,6.8,-1.9,51,33,48.6,4.8,43.6,1.5,3,8563
0.9,5.5,-2.4,51,32,41,8.3,75.5,2.5,5.8,8899
-0.9,4.4,-4.5,32,17,31.5,9.8,89.1,2.3,5.2,8342
1.3,5.4,-3.9,42,25,59,6.4,57.7,2.2,5.2,8580
4.2,8.6,-0.3,79,55,81.1,4.8,43.2,1.9,5,6408
2.4,7.2,-1.1,68,47,49.4,7.6,67.9,2.1,3.9,7198
1.9,7.9,-1.6,36,25,40.6,9.2,82.1,1.7,3.8,7595
3.1,10.4,-3.2,55,36,43.1,10.2,91.1,1.4,3.6,10712
4.2,6.9,0.6,82,55,48.8,0,0,0.9,1.8,10064
4.6,7.8,1.8,67,43,73.3,0,0,2,3.7,4230
-0.2,3,-4.3,35,26,61.9,8.7,76.3,3.8,6.9,5761
-0.7,5.4,-6.7,58,24,34,10.3,90.4,1.5,3.3,9388
7.9,16.2,-0.1,52,26,38.1,10.1,88.6,1.5,3.9,16029
9.8,11.9,7.6,28,19,89.1,0,0,1.2,3.5,5373
5.5,11.4,1.3,8,5,67.5,7,60.9,2,3.5,9943
4.5,10.9,-1.1,26,15,46.8,10.6,91.4,1.6,3.7,14028
6.4,10.7,2.2,25,14,54,3,25.9,1.8,3.2,12925
4.6,9.7,2.7,29,23,76,5.1,44,1.9,4.5,8812
4.5,9.6,1.4,41,31,63.3,5.1,43.6,1.5,4.2,13573
4.6,9.7,0.7,43,31,65.8,7.9,67.5,2,5.9,13324
6.4,12.2,2.7,52,35,51.3,9.8,83.1,2,4.2,15136
8,15.5,2.2,80,52,45.8,7.5,63.6,1.4,4.2,15913
12.4,18.8,5.2,59,37,60.5,6.6,55.9,1.8,4.3,19514
17,22.1,13.6,22,11,58.8,7.9,66.4,2.3,5,24911
12.4,16.6,8.4,18,12,92.1,0,0,2.1,4.8,7091
7.1,12.2,3.6,12,6,46.9,11,91.7,1.9,3.1,18415
6.6,14,0.5,26,16,48,9.1,75.8,1.5,3.8,20165
8.2,12.5,5.4,52,36,55.9,0,0,1.2,2.9,11740
8,10.4,6.2,30,23,64.5,0,0,2.5,4.2,10297
4.7,9.1,1.6,18,7,39.9,5.4,44.6,3.4,4.8,13205
7.9,15.4,0.1,32,22,57.9,9.5,73.6,1.1,2.9,23925
15.1,21.9,6.9,37,18,51,6.3,48.5,3.5,8.8,20423
12.6,17.3,8.7,53,20,49.4,11.8,90.8,3,6.1,25557
13.3,19.6,6.8,40,14,30.5,12,92.3,2.6,6.2,28885
14.6,19.3,8.3,29,13,22.9,2.7,20.6,1.3,3.7,29497
9,14.8,7.5,18,10,78.8,0.3,2.3,1.8,4.1,8216
9.5,14.2,5.6,61,17,65.5,8.6,65.2,2.4,4.9,12721
11.6,18.8,4.9,33,20,41.9,12.3,93.2,1.6,4.7,29589
12.9,20.1,6.8,50,25,37.9,12.2,92.4,1.9,5.5,28236
12.4,19.3,6.2,57,27,35.4,12,90.2,1.9,3.9,23499
14,20.5,7.4,70,32,38.8,11.4,85.7,1.9,5.1,20400
18.7,25.6,12.3,66,36,32,12.4,92.5,1.9,4.6,33144
15.5,21,10.7,33,18,57.4,0,0,1.1,2.9,8095
9.3,10.7,8.4,9,6,93.9,0,0,2.2,3,1037
12.1,16.1,8.9,7,4,63.3,0,0,1.4,2.8,24560
14.6,23.3,5.7,30,22,37.8,12.4,91.9,1.5,4.4,33728
14.9,22.1,10,39,26,51.9,11.7,86,2.1,5.1,32547
15.7,23.3,9.7,48,33,52.9,11.3,83.1,1.7,3.8,32989
15.4,21.7,10.5,56,35,49,12.4,91.2,2,4.8,33738
16.2,22.9,9.4,47,27,43.1,11.6,84.7,1.9,4.3,35159
19.2,25,14.1,70,47,61.6,9.2,67.2,1.6,3.6,32629
20.4,23.3,17.8,52,36,72.8,3.2,23.4,1.5,4,34593
15.1,19.7,8.7,41,30,90.4,0,0,1.9,5.2,8374
11.2,14.7,6.9,24,12,62.4,8.2,59.4,2.7,5.3,25963
14.1,20,8.8,37,15,45.5,12.4,89.9,2.7,5.9,34058
18.3,24.6,11.6,34,17,46.8,11,79.1,2.6,4.8,37389
16.6,20.7,15,13,8,86.4,3.2,23,1.1,3.9,19809
19.2,25.5,14,30,16,60.3,7.1,51.1,1.2,3.7,40026
17.5,22.9,11.6,15,7,50.9,11.3,80.7,1.7,2.7,33738
15.7,21.8,9.2,19,7,50.4,12.6,90,1.7,3.6,37851
15.4,21.4,11.3,35,18,67.4,12.3,87.9,2.3,5.4,36549
16.1,21.3,11.9,51,29,59.8,5.3,37.6,1.8,3.5,33923
14.2,16.1,11.8,27,17,89.3,0,0,0.9,2.9,3551
15.8,20,12.7,18,12,82.5,6.9,48.9,1.9,3.9,35668
18.2,24.5,11.9,58,37,71.4,7.2,50.7,1.4,3.4,35918
23.2,29.3,15.4,66,46,56.4,8.9,62.7,1.1,3.4,36476
22.3,24.4,21.8,32,22,93.8,0,0,1.9,6.1,7072
20.9,23.5,18.8,13,8,97,0,0,1.4,8,3802
17,22.6,11.5,9,5,32.1,4.2,29.4,1.4,2.8,39036
17.8,23.7,11.3,8,5,43.9,8.8,61.5,1.4,3.5,42039
20.3,24.7,17.3,56,25,47.4,4.7,32.4,1.7,4.1,39534
22.3,29.1,16.2,41,20,49.8,12.5,86.2,1.6,4.3,40775
23.8,30.2,17.5,35,20,50.4,12.9,88.4,1.9,4.3,41970
23.4,30.1,17.6,43,27,44.5,12.8,87.7,2,4.5,41677
22.6,27.5,18.9,36,24,50.1,9.2,63,1.9,4.4,44014
23.7,29.2,17.7,32,22,52.5,11.4,77.6,1.7,4,44118
25,32,18.2,38,23,45.1,12.4,83.8,1.8,4.3,47478
22.3,26.9,20.2,51,34,88.3,0,0,2.4,5.7,6391
24.4,27.9,21.6,50,34,83.8,0.5,3.4,0.9,5.1,26911
21.9,22.8,21,11,8,94.6,0,0,0.8,2.3,4358
22.6,25.3,20.6,10,7,95.4,0.1,0.7,0.7,2.9,6261
27.4,32.6,22.5,11,8,74.4,10.1,68.7,0.8,2.6,41350
23.9,27.1,21.5,6,3,57.8,2.6,17.7,1.8,3.4,49521
23.3,28.1,17.7,11,8,51.5,9.5,65.1,1.5,2.8,48132
20.8,24.2,20.1,9,7,82.3,0,0,1.1,1.8,8155
23.7,26.5,20.4,19,13,87.8,0,0,0.7,1.6,27956
26.8,29.5,24.4,34,23,82.9,0.1,0.7,1.3,3.9,35390
26.6,28.2,25.1,28,18,82.4,1.1,7.5,1.5,3.6,43611
27.3,30.9,24.7,22,17,74.8,7,47.9,1.8,3.4,44976
27.9,31.9,24.6,20,15,69.6,11.3,77.9,1.9,4.2,39205
28.3,33.2,24.5,23,18,69.6,11,75.9,1.6,3.7,34957
28.7,34,24,24,20,64.3,12.9,89,1.7,3.6,40964
28.1,32.1,23.9,28,25,66.5,13,89.7,1.7,4.1,43323
28.2,33.2,23.7,33,30,64.8,13,89.7,1.6,4.1,42609
28.7,34.1,23.2,29,23,64.1,12.9,89.6,1.6,3.2,42316
29.5,34.7,24.6,36,28,62.6,12.9,89.6,1.5,3.3,40337
30.6,36.9,24.9,35,28,53.6,12.9,89.6,1.5,3.6,32360
31.8,38,25.3,29,22,49.6,12.2,84.7,1.4,3.7,28250
31.7,35.7,29.2,31,24,53.8,8,55.6,1.8,4,38003
31.4,36.8,27.2,40,33,59.5,10.2,71.3,1.6,4,37486
30.1,34.1,27.7,32,24,66.3,5.2,36.4,2.4,3.8,39225
30.1,33.7,27.3,40,29,68.8,4.4,30.8,1.5,3.4,37796
30.9,35.4,27.2,43,30,69.3,9.3,65.5,1.9,3.7,34985
29.5,35.2,28,31,21,77.1,3.4,23.9,1.2,3.6,24649
31.3,36.7,26.4,18,12,52.4,12.3,86.6,1.2,2.9,28317
31.7,36.9,26.2,9,6,50.9,11,77.5,1.2,2.4,36701
32.6,38.3,27.8,15,9,50.5,12,85.1,1.5,3.6,35262
33.6,39.6,27.8,29,17,55.5,12.6,89.4,1.7,4,31169
33.7,37.9,30.3,29,19,54.4,9.8,69.5,1.6,3.2,31321
33.1,37.9,30,41,30,55.3,10.5,75,1.9,4.2,31646
31.1,34.9,28,24,17,60.6,12.1,86.4,2.4,4.6,28174
30,33.9,27.2,24,15,71.8,10.1,72.1,2.6,4.9,26989
30.5,35.3,28.3,28,18,71.6,7.3,52.5,1.6,4.4,29113
30.5,35.9,26.8,17,11,63.4,8.5,61.2,1.5,3.7,36983
31,35.3,27.6,24,15,64.8,10.8,77.7,2.1,4.6,37140
28.8,32.5,27.1,23,16,76.3,2.6,18.8,1.5,4.2,32216
30.7,36.8,25.7,14,9,60.9,11.4,82.6,1.4,3.6,36178
31,36,26.4,9,5,55.8,11.5,83.3,1.5,3.3,31293
30.6,35.3,27.2,14,9,61.3,8.4,61.3,1.5,3.7,27363
30.5,34.4,26.7,30,21,68.6,6.3,46,1.4,3.2,36076
31.7,37.2,27.7,24,15,58.3,9.5,69.3,1.3,4,37659
31.7,38,28.3,27,18,59.5,9.5,69.9,1.2,5.8,29270
29.9,35.6,24.1,14,8,51,11,80.9,1.7,3,41358
27.2,33.8,21.7,12,5,39.8,12.4,91.2,1.8,3.5,47634
26.7,32.1,21.5,14,6,44.6,10.9,80.7,1.4,3.8,45629
28.2,34.4,23,20,12,50.6,7.9,58.5,1.2,3.3,42281
29.1,33.3,25.1,32,20,55.6,6,44.4,2,5.1,44243
26.6,31,23.4,21,12,71.4,6.8,50.7,2.5,7.1,41964
30.7,37.6,23.4,21,13,54.1,10.5,78.4,1.1,3.2,42425
29.4,32.2,25.7,11,6,59.1,1.7,12.7,1.7,2.8,23616
24.4,26.3,23.2,8,5,86.3,0,0,2.5,4.2,17319
25.2,29.3,22.7,21,12,68,7.2,54.1,2.6,5.3,47109
23.2,29,20.3,16,10,70,5.1,38.6,1.2,3.8,32200
22.7,24.9,20.2,8,6,91,0,0,0.8,2.1,23382
23.7,26.1,22.5,10,6,92.4,0,0,0.9,3.7,13495
25.2,27.4,22.7,13,7,86,0.1,0.8,2.4,4.5,13001
25.3,28.2,23.9,25,17,80.9,1.9,14.5,1.8,3.7,33158
25.6,30.3,22.8,22,14,67.4,10.1,77.7,1.6,3.7,46101
25.5,30.9,20.8,17,9,59.4,10.6,81.5,1.3,2.3,43847
25.1,29.6,20.1,12,7,55.8,9.2,70.8,1.5,2.8,48427
23.3,25.8,21.4,14,8,85.3,0,0,1,5.5,16086
23.2,27.8,20,14,7,69.4,11,85.3,2.2,5.2,50500
24,28.5,19.6,24,10,63.5,11.8,91.5,2.5,5.7,53984
24.1,28.2,20.9,31,17,69.9,2.2,17.2,2,5,46532
22,25.5,19.1,24,13,54.6,10.9,85.2,2.5,4.3,53230
21.7,27.7,15.9,22,11,48.8,11.7,92.1,1.7,3.9,55470
22.2,28.9,15.6,19,10,49,9.9,78,1.2,2.8,54213
22.9,28.4,18.6,11,5,49.5,10.3,81.1,1.6,2.7,55188
21.6,26.1,16.8,12,5,48.1,8.4,66.7,1.5,2.4,56212
22.8,28.2,16.8,15,7,52,11.3,89.7,1.4,3.2,57363
23.5,28.3,20.3,16,7,63.5,5,40,1.2,2.4,55791
23.5,26.8,20.3,17,10,66.9,1.6,12.8,1.3,2.6,49383
23.3,26,21,11,6,76,0.8,6.4,1,2.4,44808
22.2,23.9,21,34,21,83.6,0,0,1.7,3.7,24317
22.3,27.7,18.5,23,14,64.3,10.8,87.1,1.9,3.8,55335
22,26.5,17.7,31,16,59.8,7.9,64.2,1.2,3.4,57691
22.1,26.6,18.9,35,18,59.1,2.1,17.1,1,2.9,44096
19,20.1,17.8,13,8,82.4,0,0,1.8,2.9,23616
19.4,21.9,17.6,7,4,85.8,0.6,4.9,1.3,2.3,32242
20.8,25.5,17.2,27,11,62.3,10.8,88.5,1.8,5.3,49688
19.4,25.3,15.6,26,10,52.9,7.4,61.2,1.6,4.3,38635
17.6,22.1,14.2,13,6,48.3,11,90.9,2.1,4.4,36406
17.8,24.3,10.8,14,7,48,10,82.6,1.1,2.2,49595
19.4,24.8,16.2,8,5,47.9,8.4,70,1.7,2.7,57730
18.9,25,13.2,9,5,47.6,10.3,85.8,1.3,2.4,58200
17.5,22.2,14.3,12,7,58.1,3.5,29.4,1.2,2.1,59649
20.2,27,14.6,14,9,55.5,10.8,90.8,1,2.4,63866
17.6,21.6,14,19,10,52.5,10.4,87.4,2.3,5.5,55893
15.4,19.7,13,16,9,55.1,7.9,66.9,2.9,6.1,51808
15.9,22,10.3,22,13,61.4,10.8,91.5,1.6,4.1,57280
17.3,24.2,11.2,24,14,58,10.6,90.6,1.3,4,64671
19.3,25.6,13,21,12,56.5,8.9,76.1,1.3,2.4,59413
16.9,19,15.7,11,6,84.1,0,0,1.7,3.2,7772
18,21.7,16.3,5,3,84,3,25.9,2.2,5.3,32510
16.4,21.1,12.3,23,10,53.5,10.5,90.5,1.7,3.6,57873
14.8,20.9,9.2,20,8,47,10.5,90.5,1.1,2.7,57247
15.3,19.8,10.7,23,12,52.5,2.3,20,1.1,2.7,61525
12,16.7,7.9,18,11,61,6.5,56.5,2.5,4.7,44876
9.7,13.9,6.1,17,9,51,9.3,81.6,2.1,5.6,44489
10.9,17.4,5.2,22,13,54,10.1,88.6,1.3,3.2,48529
12.5,19.8,6.1,29,18,54,10,87.7,1,2.9,49203
13.2,20.3,6.8,30,20,60,9.9,87.6,1.5,3.1,49025
15.2,21,10.9,49,32,69.9,6.8,60.2,1.4,3.5,49503
14.5,20.3,9.9,42,23,55.9,8.2,73.2,1.3,3,51236
12.4,18.6,8.4,33,17,53.3,10,89.3,1.3,3.6,49795
12.7,19,7.5,14,8,59.5,8.1,72.3,1.1,2.7,49560
13.1,20.4,7.2,19,10,54.3,9.9,89.2,1.4,3.8,52122
13.4,21.4,6.9,36,19,53.9,9.7,87.4,1.2,3,49815
13.4,21.1,7.2,32,20,49.5,9.6,87.3,1.1,2.9,48346
14,20.6,8.8,42,28,50,7.6,69.1,1,2.6,49889
12.2,16.9,9.8,50,30,75.1,5.3,48.2,1.1,5,40223
12.5,18.7,7.6,39,17,66,9.6,88.1,1.3,3.4,50343
13.8,21.2,7,36,19,55.5,8.7,79.8,0.9,1.6,52181
12.2,14.7,9.9,32,17,74.1,2.4,22.2,1.6,5.4,24308
8.7,11.6,6.2,24,6,49.6,8,74.1,3.2,5.8,33699
8.3,13.5,5.2,13,7,77.1,2.8,25.9,1.5,5.9,20882
7.2,11.7,3.4,16,8,57.3,6.5,60.7,2,5.3,36107
6.1,11.6,0.7,21,10,51.3,9.1,85,1.6,3.5,37382
7.4,12.6,3,20,12,55.4,9.3,86.9,1.6,4.1,39009
8.4,15.2,2.5,31,18,53.4,9.2,86.8,1.3,3.6,41911
10.6,19,4,39,24,54.9,9.2,86.8,1.1,2.5,44917
11.2,19.1,5,47,30,56,9.1,85.8,1.3,4,40640
11.6,19.4,5.3,40,27,55,9,85.7,1.3,3.4,39973
11.9,18.3,6.6,53,33,65.5,7.9,75.2,1.1,2.3,43870
12.2,17.5,8,89,61,70.5,4.1,39,0.9,2.6,39680
12.8,15.7,10.3,56,38,79.5,0.5,4.8,1.1,2.8,29492
11.8,14.7,10.5,9,5,93.8,0,0,1.8,5,2730
12.1,15.4,9.5,38,20,69,6.5,62.5,3.1,5.6,34673
11.9,17.1,8.8,69,39,69.1,8.1,78.6,1.4,3.3,34194
8.1,10.9,5.4,64,37,67.6,1.4,13.6,1.1,3.7,23926
8.1,15.1,3.1,27,14,52.3,8.9,86.4,1.2,3.3,38706
8.8,15.4,4.1,39,23,51.6,8.8,86.3,1.1,3,40263
9.8,16.6,4.8,31,19,55.5,8.7,85.3,1.1,3.1,41973
9.7,16.2,4.7,45,30,55.4,7.8,76.5,1,2.4,39702
8.8,14.5,4.2,55,36,65.1,5.2,51,1.7,4,37629
4.9,11.4,0.6,31,18,50.8,5.2,51.5,1.4,3.7,28167
6.5,11.3,3.3,56,29,50.4,5.8,57.4,1.4,4.4,34352
6.5,12.7,0,40,17,39.9,8.8,88,1.8,4.2,34855
5.8,8.2,3.1,30,15,57.1,0,0,1.2,4.5,28140
2.3,7.1,-1.3,19,10,35,8.6,86,2.4,5.6,29239
1.9,7.6,-3.1,23,11,29.6,8.6,86,1.4,3.7,28620
2.6,3.8,0.3,23,12,71.1,1.6,16.2,1.8,3.3,11255
4.8,9.8,1.3,44,31,77.8,6.9,69.7,1,1.9,19946
6.3,13.6,1.6,57,38,70.1,8.6,86.9,1,1.9,30698
7.1,12.5,3.1,108,48,65,1.1,11.1,1.5,3.7,28806
5,11.1,2.1,110,19,27.1,6.8,69.4,1.6,3.7,29177
3.5,6.7,0.6,70,20,41.4,0.2,2,1.3,3.3,28977
2.7,8,-1.5,59,20,46.1,8.6,87.8,1.4,3.3,28557
5.5,12.4,0.8,44,23,42.3,7.8,79.6,1,2.5,24622
8.2,11.8,2.8,46,23,50.1,2.7,27.6,1.3,2.2,23035
11.5,13.5,9.3,44,21,87.4,0,0,1.4,3.2,10638
6.7,11.8,-0.3,33,15,74.9,2.1,21.6,2.7,5.6,20029
0,3.4,-4.3,26,11,39.5,3.1,32,1.5,4,23535
2.4,6.8,-1,36,16,50.5,6.2,63.9,2.3,5.7,23788
-7.3,-1.1,-9.6,22,9,37.1,8.7,89.7,3.8,5.9,15148
-8.3,-4.4,-11.4,23,9,37.1,8.7,89.7,2.6,5.5,9824
-7.2,-2.1,-11.8,21,10,27,7.8,80.4,1.5,3.4,8749
-2.5,4.6,-8.1,32,18,33.3,8,83.3,0.9,2.9,17987
0.2,2.9,-2.4,41,25,44.8,0.1,1,1.2,3.9,20805
-1.9,2.4,-5,45,23,39,8.7,90.6,2.2,4,19339
-2.2,2.1,-5.9,39,23,57.4,4.8,50,2,5.8,11765
-4.4,0.6,-7.8,32,17,44.3,8.7,90.6,1.7,3.5,14932
-2.4,3.2,-7.8,56,37,46.8,8,83.3,1,2.1,12720
0,2.1,-2.6,55,39,63.8,1.1,11.5,0.9,1.7,10783
1.6,5.9,-1.5,72,45,60.1,8.3,86.5,1.8,4.3,17449
2.6,7.4,-2.8,44,23,56.3,7.2,75,1.4,4.1,20917
4,9.5,1.3,50,28,53.4,7.8,81.3,1.4,3.3,21970
3.4,10.4,-1.1,55,37,45.5,7.5,78.1,0.9,2.4,22881
5.6,9.8,0.4,69,44,40.1,3.2,33.3,1.1,2.6,23422
6.9,12.4,2.9,81,56,48.9,7.8,81.3,1.5,3.6,17127
2.4,7.5,-3.4,48,27,43,8.3,86.5,2.9,5.7,13601
-2.3,3.1,-5.9,21,11,35.9,8.8,91.7,1.6,3.6,16579
0.6,5.2,-4,35,20,53.4,3.1,32.3,1.2,2.7,12437
-1.5,3,-7.1,49,26,40.8,8.3,86.5,2.8,4.5,17112
-10.1,-6.5,-12.5,26,9,28.3,8.7,90.6,3.5,5.8,11325
-10.5,-6.6,-14.4,33,13,33,8.7,90.6,2.5,4.4,10445
-7.6,-3,-10.5,36,9,29,8.7,90.6,2.9,5.5,8083
-6.8,-0.9,-11.3,30,15,35.9,8.7,90.6,1.2,3.1,7864
-5.4,-0.5,-10.5,45,29,39.6,8.3,86.5,1.2,3.4,11911
-5,-0.6,-8.2,35,22,49.5,7.5,78.1,2.1,4.3,8601
-4.9,0.2,-8.8,31,19,42.8,8.7,90.6,1.7,3.6,14360
-3.5,3.2,-8.4,36,21,38.8,8.7,89.7,1.4,2.9,16344
-1.1,4.1,-6.2,56,36,55.5,3.9,40.2,1.2,3,17308
-2.8,1.1,-5.5,62,37,40.3,8.6,88.7,2.2,4.3,12380
-2.8,2.7,-6.3,44,19,35,7.7,79.4,1.2,3.2,11094
-1.9,3.1,-6.2,50,30,46.4,7,72.2,1.4,4.7,16795
-3.5,0.5,-7.2,39,17,31,8.7,89.7,2.6,6.5,15833
-4.7,1.3,-9.4,44,19,28.8,7.4,76.3,1.3,3.5,15819
-0.6,3,-4.5,54,29,48.8,3.1,31.6,1.3,3.8,17894
2.4,7.2,-0.4,70,46,58.8,6.9,70.4,1,2.6,19271
2.8,8,-0.6,93,64,47.6,6,61.2,1.3,3.5,14519
1.2,7.6,-3,102,67,54.3,8.6,87.8,1.4,3.2,11751
1.4,5.3,-2.4,158,112,68.6,0.4,4.1,0.9,2.5,14818
-1.7,2.6,-7.2,130,79,58.8,4.7,47.5,2.7,6.1,14761
-5.2,-1.1,-10.1,45,16,45.9,8.6,86.9,2.3,4.3,15823
-0.3,4,-3.2,40,19,45.8,8.7,87.9,1.7,5,17960
0.6,6.7,-4.6,49,29,44,8.5,85.9,1.3,4.5,18901
3.6,8.5,0,90,58,59.8,2.9,29.3,1.2,3,14883
-1.4,4,-5.5,62,30,38.5,8.8,88,3.2,5.5,11191
-1.2,4.2,-6.7,42,20,57.8,1,10,1.6,4.3,17240
1.7,7.1,-3.3,62,26,62,8.5,85,1.7,4.4,19885
2,7,-0.8,71,42,48.9,8.6,86,2.3,5.1,19163
0.1,6.5,-4.6,38,19,34.9,8.8,87.1,1.7,3.5,20057
-1.2,2.6,-3.8,40,18,27.6,8.7,86.1,2.6,5.5,18159
-2.5,2.4,-6.5,38,17,30.9,8.8,87.1,2.4,4.4,13203
-0.1,5.1,-6.6,37,19,52.5,6.7,65.7,1.7,3.7,12440
1.2,4.5,-2.4,75,21,40.4,8.7,85.3,3.1,6.8,17317
-0.2,7,-5.6,61,19,35.5,8.7,85.3,1.5,3.7,19477
1.8,6.6,-2.8,56,27,54.6,7.7,74.8,1.5,3.8,20677
-2,2.3,-6.2,65,20,29,3.4,33,2.9,4.7,17649
-2.1,2.8,-7.4,37,16,47.6,5.7,55.3,1.7,4.9,17696
1.4,6.1,-3.2,54,31,60,1.6,15.5,1,1.8,13742
3.3,4.9,2,37,24,92.9,0,0,1.7,4,2010
-0.6,3,-3.3,70,34,40.4,8.6,82.7,2.1,4.9,8562
2.8,10.1,-3.6,72,24,37.1,7.8,74.3,1,2.9,9119
5.1,9.3,0.1,85,29,54.9,3.3,31.4,1.3,3.1,13694
-2.1,6.3,-8.2,61,29,45.5,8.7,82.9,3.5,5.5,14533
-6.1,-1.3,-10.2,29,15,31.5,8.4,79.2,2.3,4.7,14782
-5.4,-1.9,-8.6,32,15,30,9.3,87.7,2.7,4.9,11760
-5,-1.9,-9.1,39,20,31.3,2.2,20.8,1.7,3.6,9759
-3,2,-7.5,35,20,34.9,9.4,87.9,2.3,4.9,16881
-0.6,3.7,-4.1,53,33,35.5,8.5,79.4,1.9,4.3,18862
-2.1,2.5,-5.7,34,18,26.6,9.2,86,2.4,5.1,18411
-0.5,6.3,-5.9,43,21,24.3,9.2,85.2,1.4,3.2,19376
-0.8,0.9,-2.9,36,24,72.8,0,0,1.9,4,9213
-2.7,1.5,-5.1,56,44,59,8.8,80.7,2.6,4.6,12641
-1.8,4.6,-6.8,32,22,47.4,9.8,89.9,1.9,4.2,13390
0.9,5.9,-4.7,36,22,43.5,5.6,51.4,1.3,2.8,19916
1.4,3,0.2,38,28,80.8,0.6,5.5,1.4,3.9,11689
1.7,4.5,-0.1,52,42,67.8,2.2,20,2.1,4.1,19572
2.4,9,-2.6,74,60,59.4,9.6,87.3,1.5,3.4,20995
4,10.8,-1.6,65,49,56.1,9.5,85.6,1.5,3.7,21727
6.8,14.5,0.5,46,32,41,9.1,82,1.1,2.9,23742
6.3,13.7,1.2,52,39,45,10,89.3,1.8,4.9,21933
4.7,10.2,1.3,78,57,55.8,8,71.4,2.3,4.8,23445
5.2,12,-1.5,47,25,32.8,9.5,84.8,1.6,4.9,28010
7.8,14,4.7,59,39,31.3,7.8,69,1.6,4.3,28652
6.6,12.8,2,76,50,39.5,8.1,71.7,2,4.7,27431
6.6,13,1.2,105,74,42.3,9.9,87.6,2.1,4.4,21751
7.8,14.7,1.3,103,74,37.6,7.5,65.8,1.1,3.3,22503
9.4,16.1,2.5,89,64,36.4,7.9,69.3,1.5,3.3,24382
9.9,16.3,5,138,97,46.1,9.2,80,1.9,4.7,26887
8.4,12.9,5.6,171,124,66.3,2.5,21.7,2,3.9,24042
8.4,12.4,5.7,128,89,55,3,26.1,2,4.3,25379
7,12.7,3.1,50,36,51.1,10.1,87.1,2.2,5.1,31156
6.1,13.4,0.6,44,25,39.4,10.7,92.2,1.9,4.2,33073
5,10,-1.7,36,17,45.3,7,58.8,1.9,3.8,30997
5.5,11.3,1.6,62,34,72.8,2.8,23.5,1.6,5.4,20481
7.1,14.4,1.4,35,21,43.8,8.7,72.5,1.4,4.7,36313
10,16.7,3.4,58,34,52,8.3,68.6,1.4,3.3,39908
10.3,14.6,7.1,87,63,79,0,0,1.4,3.9,16204
7.1,11.1,1.9,29,21,77.4,3.9,32,2.9,5.5,26455
3.3,8.3,-0.7,35,19,40.9,11.1,91,2.8,5,32363
3.3,8.2,-0.4,22,14,46.9,7.9,64.8,2.4,6.3,21696
4.3,9.7,-0.8,28,13,45.4,11.3,91.9,2.3,4.9,31622
7.3,11.5,2.9,41,23,56.1,1.7,13.8,2,5.1,34226
11.4,17.6,7.4,52,30,51.1,9.9,79.8,2,4.7,42644
11.6,16.2,8.9,78,47,66.4,3.4,27.4,3,6.4,35832
9.4,14.6,5.6,78,46,49.9,9.9,79.8,2.6,4.8,38806
9.2,15.1,5.5,35,17,33.1,10.5,84,2.1,4.7,43893
5.2,8.4,3.5,33,20,72,3,24,2.9,6.3,14001
4.4,8.4,2.6,39,24,46,3.2,25.4,3.2,5.5,22326
5.5,11.3,0.3,23,12,39.8,11.7,92.9,2.5,5.8,37660
6.7,13,1.3,30,16,36.9,11.7,92.9,2.2,6.1,42029
7.6,13.6,1.9,34,20,36.1,11.7,92.1,2.3,5,43257
9.2,15.7,3,32,17,43,11.7,92.1,2.5,5,45681
11.4,17.2,7,65,19,41,9.3,72.7,2.9,5.4,45643
9.3,12.2,5.9,51,16,39.9,0.5,3.9,1.1,2.8,25902
12.6,20.3,5.6,31,13,43.1,11.4,89.1,1.7,4.8,55943
11.6,17.2,7.6,32,11,25.6,10.9,84.5,2.5,5.2,52643
9.2,13.9,4.7,23,10,49.1,0.8,6.2,2.4,4.4,24734
7.1,10.2,4.7,6,3,78.4,1.1,8.5,1.8,3.1,26421
9.5,15.7,4.3,21,12,58,9.8,75.4,1.9,4.7,51013
11.4,18.4,5.5,45,25,48.5,11.4,87.7,2.2,5.1,55125
11.8,17.9,6.2,44,29,34,10.8,82.4,1.8,5,57020
9.6,13.6,6.9,32,18,45.5,5,38.2,2.2,7.3,28467
11.6,18.1,3.9,45,15,30.9,12.1,91.7,1.8,4.7,55422
14.9,22.6,6.8,41,20,26.3,11.5,87.1,1.6,4.1,60566
15.3,21.8,9.1,34,17,37.5,12.2,92.4,1.9,4.9,62522
12.6,16.2,10.4,31,16,74.4,1.5,11.3,2,5.3,50439
13.8,19.7,9.6,35,16,57.5,5.9,44.4,1.6,3.2,60925
14.3,19.1,9.7,38,19,66.9,5,37.6,1.9,4.5,51068
14.8,20.2,12.2,25,17,77.8,4.1,30.6,1.9,4.2,53339
19.3,28.2,10.7,72,27,50.6,11.1,82.8,1.4,4.2,63995
20.4,25.5,15.3,79,34,52,4.2,31.3,1.3,3.8,58811
19.5,25.9,15.8,50,30,70.4,8,59.3,1.6,4.5,55815
13.2,17.2,9.4,37,15,75.9,0,0,2,3.6,22471
8.4,9.9,6.2,8,4,82.1,0,0,1.5,3.5,26484
11.6,18.2,4.1,16,9,52.6,10.3,75.7,1.7,3.6,65124
12.9,16.6,9.9,18,11,48.8,3.4,25,1.6,3.7,56012
13,17.3,8.3,20,12,52.9,3.3,24.1,0.9,2,63256
15.5,22.5,9,31,17,52.8,11.2,81.8,1.6,4.2,70213
16.4,22.2,11.2,49,20,48.9,10.9,79.6,2.3,4.8,76439
17.1,25.3,10.6,49,13,28.5,12.7,92,2.3,5.1,72430
17.9,26.1,10.1,52,22,37.5,12.4,89.9,1.6,4.4,73647
19.5,27.4,12,78,44,40.4,10.7,77.5,1.7,4.1,66392
19.2,26.5,13.6,57,35,35.8,11.1,79.9,2.2,5.3,66911
14.5,19.8,9.8,29,9,27.1,12.8,92.1,3.1,5.3,74806
15,21.9,8.4,42,14,33.4,12.9,92.8,2.3,5,70506
15.6,21.3,10.1,44,18,48.3,12.2,87.1,2.3,5.1,70426
16.6,22.9,11.7,43,19,43.3,12.1,86.4,2.2,4.5,71707
17.8,26.8,10.3,52,27,48,12.3,87.9,1.9,4.1,74960
20.3,28.3,13.2,55,29,39,12.7,90.1,1.8,3.9,76110
21.6,28.9,14.7,47,29,36,12,85.1,1.5,3.1,73318
18.7,22.8,15.5,48,29,43.4,1,7.1,1.6,4.9,68389
19.6,26.9,12.9,36,25,44.5,13,91.5,1.6,4.1,78385
20.7,28,14.8,56,34,48.1,8.4,59.2,1.7,3.9,76969
23.5,30,16.7,55,32,43.8,12.5,88,1.5,4.1,75399
23.6,28.3,17.6,45,29,44.9,4.2,29.6,1.2,3.2,79158
22.8,25.9,19.1,24,13,46.8,4.3,30.1,2.1,4.8,79583
19.4,21.6,17.9,14,7,93,0,0,1.2,2.7,12749
16.4,20.2,13,37,9,63.6,10.5,73.4,3.4,6.1,72066
17.2,23.8,11.7,45,14,52,13.1,91.6,2.9,5.9,80599
19.5,26.5,12.3,50,22,46,12.6,87.5,2.4,5.4,80735
22.1,29.2,15,60,34,45,13.2,91.7,1.7,3.5,78504
24.2,33.4,16.2,67,41,46.4,12.7,88.2,1.7,4.1,77190
23.4,28.6,18.4,68,43,45.6,7.1,49.3,1.6,4.2,75791
24.5,31.1,18.6,33,20,39,11,75.9,1.8,4.5,74327
17.8,22.3,14.3,21,13,80.9,0,0,2.4,5.3,30670
18.1,24.6,11.9,22,7,45.9,13,89.7,2.6,4.9,83654
20.3,26.5,13.3,39,17,48.4,13.3,91.7,2,4.9,83496
19.6,24.5,14.6,43,20,48,7,48.3,2.4,5.4,73814
19.1,23.3,16.1,18,9,49.6,12.3,84.2,2.8,5.4,83765
18.9,23.7,14.8,29,19,60.5,9.4,64.4,1.9,4.2,79878
21.1,27.8,14.1,31,18,42.1,13,89,1.7,4.6,77091
23.1,29.5,16,34,18,42.9,12.3,84.2,1.8,5,82911
22.6,29,17.6,26,16,56.4,12.8,87.7,2.2,4.4,83576
23,29.6,17.8,40,23,63.8,8.9,61,1.8,4.3,81515
21.2,25.1,18.6,48,27,75.9,0,0,1.2,4.1,36945
20,24.7,17,11,6,77.3,3.7,25.2,1.9,3.5,54701
21.9,27.6,16,20,12,57.5,9.3,63.3,1.4,4,83736
21.6,26.5,17.1,28,20,66.1,4.2,28.6,1.8,4,60371
18.4,21.9,15.7,10,5,70.3,0.6,4.1,1.6,2.4,63032
20.5,26.1,15.5,11,5,51.1,10.7,72.8,1.4,3,85776
21.5,26.4,16.1,25,13,57.1,13,88.4,1.8,4.6,83506
23,28.8,16.6,24,15,51.9,12.3,83.7,1.7,4,81540
23,28.4,19.1,25,18,54.8,6.1,41.2,1.8,4.2,85533
21.9,27.4,17.9,29,17,61.5,12.2,82.4,2.4,5.3,71883
22,27.2,16.1,12,8,55.4,11.1,75,1.6,4.7,81803
21.7,26.2,18.1,20,12,59.1,12.7,85.8,2.3,4.1,86987
20.8,24.8,17,25,16,78.6,2,13.5,1.5,4,42393
21.4,25.4,18.9,27,19,77.8,0.9,6.1,1.9,4.1,79958
22.7,27.8,19.8,24,16,70.6,6.9,46.6,1.9,4.2,88226
22.1,26.1,19.4,24,15,72.9,3.4,23,1.7,3.7,81089
24.2,30.6,17.7,11,6,42.3,13,87.8,1.5,2.9,85728
25,31,19.1,11,6,40.4,12.9,87.2,1.8,4.4,79269
25.2,30.9,20.9,20,12,46.9,13.6,91.9,2,4.1,88432
25.6,32.8,19.5,29,18,49.1,13.4,90.5,1.6,4.2,88096
25.5,29.5,20.7,31,20,52.6,1.1,7.4,1.3,3.1,81274
25.5,31.2,21.9,18,12,70.5,3.9,26.4,1.4,3.5,79234
24.7,29,22.3,40,28,67.3,2.4,16.2,1.7,3.8,77056
23.1,27.7,19.6,22,15,72,4.1,27.7,1.2,3.2,67346
23.9,28.5,20.9,31,22,73.5,5.2,35.4,2.3,4.5,74994
23.9,28.9,20.6,31,21,64.4,10.9,74.1,2.3,5.2,92814
24.4,30.1,20.8,28,19,63.5,11.9,81,2.3,4.3,94783
24.1,27.4,21.2,29,20,64.6,3.3,22.4,1.7,3.8,94773
25.4,32.8,20,28,17,59.6,12.7,86.4,1.9,4.5,90397
27.6,35,20.2,32,20,42.1,11.8,80.3,1.5,4.3,83994
29.7,36.1,24.6,29,21,40.9,11.8,80.3,1.7,3.9,70246
26.7,32.5,22.7,19,12,43.3,9.8,66.7,2.2,3.3,75116
25.1,31,21.2,10,5,46.6,9.3,63.7,2,3.3,93609
25,30,19.7,10,6,46.4,7.7,52.7,1.8,3.1,95859
22.7,27.3,19.3,10,6,64.1,3.1,21.2,2,3.3,43842
21.9,25.9,19.5,8,4,76.9,0,0,1.3,2.8,65003
23.6,28.7,20,14,8,65.5,7,47.9,2,4.4,94473
24.9,29.7,22.1,30,22,67.3,4.1,28.1,1.7,3.9,81067
25.9,31.6,21.2,38,29,64.6,7.8,53.8,1.6,3.8,74259
23.8,27.4,22.1,33,23,80,0.1,0.7,1.1,3,57917
24.7,28.8,21.4,25,19,79,4,27.6,1.3,3.4,82285
25.6,29.2,22.3,57,41,73.9,1,6.9,1.2,2.9,84261
26.9,32.1,23.3,64,48,65,3.2,22.1,1.2,3.2,81613
28.6,35,22.8,34,17,61.3,9.8,68.1,1.5,4.6,77449
28,31.9,25.1,9,5,66.9,1.2,8.3,2.1,3.6,56648
25.1,27,24.2,15,10,87.1,0.6,4.2,2.2,4.4,46130
26.7,31,24.2,43,32,74.6,6.1,42.4,2.2,3.6,82781
28.1,32.9,24.4,26,17,70.8,4,27.8,1.7,3.6,83206
26.5,27.2,25.2,24,16,82.3,0,0,1.6,3.4,59020
26.3,27.4,25.6,25,17,90.1,0,0,1.2,3.4,34778
25.1,25.9,23.7,18,13,95.3,0,0,1.7,4.5,22789
28.4,33.4,24.9,20,12,76.6,4.7,32.9,1.3,3.9,50955
27.5,30,25.6,14,12,74.5,2.6,18.3,2.6,5,74046
28.1,30.8,26.3,19,12,75.3,1.6,11.3,3.4,5.9,69757
25.8,27.5,24,17,12,91.1,0,0,2.2,5.3,26874
26.3,30.1,23.5,14,9,86.4,4.9,34.8,1.7,4.6,59803
28.4,33.1,24.7,19,13,74.6,8.3,58.9,1.2,3,67510
29.4,36,25.6,21,15,69,10.6,75.7,1.3,4.5,49047
30.5,35.9,25.6,37,31,65.5,11.2,80,1.1,3.2,65085
31.6,36.8,27.9,27,23,51.4,9.9,71.2,1.5,2.8,66703
26.9,30.3,23.9,20,13,78.1,1.9,13.7,1.2,2.8,50804
28.9,32.7,25.9,40,33,71.4,7.5,54,1.6,3.6,69748
29.8,34.6,26,27,20,69,10.8,77.7,1.3,4.1,67491
31.5,36.5,26.6,20,13,57.9,11.6,84.1,1.5,3.4,54162
30.4,35.7,26.3,17,12,53.6,9.8,71,2.5,4.1,43351
26.6,28.5,24.8,19,14,91.8,0.3,2.2,1.3,2.3,24386
29.2,35.3,25.1,22,15,76.9,7.3,53.3,1.5,4.7,63749
30.4,35.7,25.9,17,11,63.9,9.2,67.2,1.5,3.1,65452
25.9,28.6,23.9,9,5,82,0.1,0.7,1.3,2.7,32229
25.9,29.5,23,16,10,74.5,7.5,55.1,2.2,5,71161
25.9,28.8,23.4,31,21,69.5,8.1,59.6,2.5,4.6,72259
25.6,30.7,22.6,21,15,66.5,10.7,79.3,1.7,3.2,72588
26.3,31.3,21.2,23,17,60.6,11.1,82.2,1.1,2.7,81832
28.2,32.8,23.2,28,22,56.3,10.5,77.8,1.5,3.2,82116
27,30.4,24.4,29,23,67.3,3.2,23.9,1.2,3.2,56957
26.9,31.4,23,39,30,66.5,10.7,79.9,1.7,4.4,82232
26.2,30.5,22.7,31,20,58.4,12,89.6,2.1,4.4,86624
24.1,27.3,21.5,22,12,60.9,3,22.6,1.5,3.5,85630
25,29.9,20.2,20,14,66.6,9.9,74.4,1.5,4,81028
26.4,32.1,21.5,25,17,63.8,9.2,69.7,1.2,4,87770
25.7,29.3,22.2,25,19,71.1,5.6,42.4,1,2.5,83107
23.4,26.4,20.1,26,21,77.1,4.9,37.4,2.2,7.5,65708
22.6,27,19.5,20,11,66.3,8.8,67.2,2.4,5,86733
23.5,28.9,18.5,19,11,65,12.1,92.4,1.9,4.7,90724
23.7,27.8,19.2,19,13,64,6.9,53.1,1.4,2.9,89191
24.4,29.7,19.4,25,16,56.6,7.4,56.9,1.6,3.5,92510
24.1,28,22,23,15,67.6,2.9,22.5,2.3,3.8,74801
22.8,25.5,21.2,6,3,89,1.1,8.5,2.5,4.5,27168
23,27.6,21.5,9,6,91.4,1.5,11.6,2,5,33929
25.3,29.1,21.6,13,8,79.8,0.4,3.1,2.1,3.4,16631
25.1,28,22.4,35,26,74.3,2,15.7,1.7,3.6,68370
23.8,26.5,22.1,13,9,93.4,1,7.9,2.4,4,18265
24.3,28.7,20.4,6,4,71.4,6.9,54.8,3.1,4.7,75328
21,22.9,18.7,15,5,72.3,0,0,2.6,4.8,32059
23.3,29.3,18.3,16,6,60.4,10.9,87.2,1.7,3.5,57065
22.4,24.1,20.8,20,11,80,0.2,1.6,1.2,2.9,48756
24.2,30,19.5,16,10,70.4,10.6,84.8,1.7,4.1,82678
24.5,30.5,20.7,14,7,53,9.4,75.8,2.1,4.5,89807
23.5,29,18,16,9,41.6,10.6,85.5,2.1,4.4,92153
21,25.4,16,29,13,46,11.7,94.4,3.1,4.9,92045
19.5,26,13.6,27,11,46.5,10.2,82.9,1.9,4.3,91554
19.6,24.2,15.8,23,10,52.8,1.3,10.6,2.1,3.5,94246
19.6,22.1,18.3,17,9,60.3,0,0,2,3.7,86676
18.6,19.6,17.3,5,4,63.4,0,0,3.8,6.4,41173
20,24.6,16.9,12,6,51.1,9,73.8,2.2,5,92006
19.8,26.5,13.9,22,13,61.3,11.4,94.2,1.8,3.5,93546
20.9,27.4,14.8,27,17,64.4,8.8,72.7,1.4,3,92665
22.9,29,17.7,26,17,59.3,8.1,67.5,1.9,3.3,92247
22.9,27,19.6,21,13,57.5,3.5,29.2,1.9,3.1,93345
23.7,29.2,19.4,28,20,58.9,10.1,84.2,1.7,3.3,89550
22.6,28.6,17.9,35,27,60.6,11.1,93.3,1.7,4,86133
22.4,29.9,16.4,45,33,61,10.5,88.2,1.6,3.4,88270
23.1,28.2,17.6,45,34,67.1,7.5,63.6,1.8,4.4,88575
21.6,24.2,20,24,18,88,0,0,3,5.5,27368
22.4,27.3,19.8,8,4,73.4,6,50.8,2.8,4.9,75438
22.4,27.8,18,23,16,71.5,9.9,84.6,2.1,3.9,94912
18.7,21.9,14.7,40,25,72.6,2.3,19.7,2.9,4.6,83020
18.1,22.7,13.2,11,5,53.4,9.4,81,2.9,4.8,82855
14.8,17.9,13.3,11,7,92,0,0,1.8,3.6,21875
14.7,19.8,10.6,21,11,58.8,10.3,88.8,2.6,6.2,81524
13.6,20.4,7.7,22,10,48.3,10.6,92.2,1.7,3.8,85638
15.2,19.8,10.7,28,16,60.9,1.1,9.6,1.3,2.8,81742
18.8,26.1,13,33,21,60,10.3,90.4,1.9,4.9,92155
17.9,23.3,13.3,23,12,49.3,10.5,92.1,3.5,6.7,84843
17.2,23.8,12.1,18,9,52.6,10.6,93,1.9,4.1,84368
14.4,19.6,9.5,30,18,56.9,10.1,89.4,2.5,5.1,79509
14.5,20.4,8.8,17,9,55.6,7.7,68.1,1.6,4.3,85516
14.6,20.8,9,24,15,58.3,9.8,87.5,1.6,3.6,84549
15.4,21.6,11.2,28,18,56,7.4,66.1,1.7,3.5,85596
17,22.7,12,17,11,58.3,8,71.4,2.4,4.3,89551
17,23.1,12.1,20,11,63.8,10.2,91.9,1.8,3.7,87553
16.5,22.9,12,33,21,70.3,9.3,83.8,1.3,3,79300
17.1,24.6,10.9,39,26,61,9.6,86.5,1,2.4,84488
18.1,24.4,13.3,39,26,56.1,9.1,82.7,1.6,3.3,88478
17,20.7,14.3,22,15,57.3,0.7,6.4,2.4,4.4,87991
18.3,23.8,15.3,28,18,47.6,6.6,60.6,2.7,5.1,89520
16.7,22,13.1,23,11,58,7.1,65.1,2.4,5.6,84617
10,14.9,6.6,22,14,60,8.7,79.8,2.5,5.2,67578
11,17.4,4.7,23,14,59,9.8,90.7,1.6,4.2,65774
12.9,17.7,7.4,30,20,65.9,7.3,67.6,2.5,4.7,67175
12.5,17.6,8.2,65,15,61,9,83.3,2.3,5.2,71135
11.2,17.7,5,25,12,60.3,9.6,89.7,1.6,3.8,76898
14.8,19.7,8.4,66,23,73.8,8,74.8,2.3,5.2,76860
14.9,20.5,11.4,100,36,57.9,9.5,88.8,1.8,3.9,77604
13.6,18.7,8.3,66,35,57.3,3.3,31.1,1.5,2.9,68223
14.7,22.1,9.4,53,33,57.8,7.8,73.6,2.1,4.7,67452
13.8,20.3,9.2,14,7,57.8,9.7,91.5,2.1,3.7,78874
12.4,18.4,8.4,32,20,65.1,8,76.2,1.6,3.8,78675
11,16.5,6.3,48,32,63.6,7.5,71.4,1.8,4.4,74812
9.2,13.6,5,44,24,42.8,9.5,91.3,2.7,5.3,68315
6.8,13,1.1,44,18,31.4,9.7,93.3,1.9,4.4,65110
9.5,17.2,3.5,41,22,41.4,9.7,93.3,1.6,4.2,60693
10,15.3,6.2,39,26,59.6,3.3,32,2.1,3.8,40503
11.2,15.1,7.9,23,14,71.6,7.2,69.9,2.4,4.8,58957
9.3,14.5,4.8,38,23,63.6,5.7,55.3,1.4,2.7,68210
7.2,11.3,3,34,20,72.3,0,0,2.8,6,39198
1.3,5,-2.5,19,6,30.6,9.7,95.1,2.9,5.8,45095
5.6,7.6,1.4,22,13,87.4,0.1,1,2,3.5,15069
6.8,12.7,3.8,31,21,81.3,5.6,54.9,1.6,3,45493
8.3,10.5,5.6,26,16,79.4,0,0,3.1,6.4,11303
4.6,12.7,0.4,71,12,59.8,8,79.2,3.9,7,37496
0.2,4,-3.5,28,9,48,9.4,93.1,2.8,5.8,40356
0.5,6.3,-4.6,20,11,35.5,9.4,93.1,1.8,4.6,42026
4.2,9,-2.3,34,19,37.4,5.7,57,1.9,4.2,47091
9.7,17.3,3,40,21,34.1,9,90,2.1,4.8,56700
12.1,17.7,7.7,33,19,52,8,80,1.8,3.6,54283
9.8,15.6,4.6,32,20,74.6,1.8,18.2,2.2,6,24304
1.9,6,-1.2,24,15,62.1,5.8,58.6,2.7,5.9,42677
6.6,13.7,1.2,25,17,64,7.9,79.8,2,4.5,52464
3.1,6.8,0.3,33,21,50.8,8.3,83.8,2.7,4.6,46248
3.5,10.4,-0.6,33,20,52.4,9,91.8,2,4.3,46983
1.5,6.9,-3.4,43,30,42.8,9.3,94.9,2,4,44689
4.1,9.3,-1.4,44,34,42.6,5.3,54.1,1.7,3.4,38366
4.6,6.2,2.3,38,30,79.4,0,0,1.6,4.1,9680
-0.1,2.8,-3.2,21,15,48,8.8,89.8,3.1,6.2,34397
0.5,4.2,-5,26,17,61.3,3.1,31.6,1.6,3.6,33580
2,7.2,-2,27,18,41.6,8.7,89.7,1.8,4.4,38576
-4.4,-0.2,-8.5,19,13,31.9,9.2,94.8,3.2,6,29277
-5.9,-1,-10.6,29,20,34.5,9.3,95.9,1.7,3.8,26723
-2.4,1.2,-5.5,45,36,65,1.1,11.3,1.7,3.1,23013
-0.9,4.9,-5.5,55,48,65.1,8.9,91.8,1.4,3.2,22597
3.2,8,-1.3,62,54,56.8,1.4,14.4,2.5,3.9,34140
8.1,10.8,6,97,80,82.3,2,20.6,1.2,3.5,33275
6.3,9.8,0.1,79,60,62,5.2,54.2,3.4,7.2,34049
-0.7,3.4,-3.5,21,18,45.4,9.1,94.8,1.8,4.2,33704
2.1,5.9,-3.7,28,20,53.6,3.4,35.4,2,4.3,34258
2.7,6.4,-0.1,38,29,58.3,8.3,86.5,2.3,5.3,27424
5.3,11,0.4,34,28,52.5,7.3,76,2,3.6,29692
7.8,12.9,2.1,35,25,58.9,6.6,68.8,1.9,3.2,41750
7.7,10.2,3.2,27,21,81.4,0,0,2.3,4.5,25644
0.8,5.2,-1.7,40,30,64.6,8.4,87.5,2.5,4.2,34899
-0.8,3.1,-4.5,29,20,47.8,8.5,88.5,2.4,4.8,32972
-1.1,2,-3.5,30,22,45.3,8.9,92.7,2.3,3.9,32521
-1.2,1.5,-5.1,37,26,68.1,1.9,19.8,1.7,2.9,20302
4.1,8.4,0.3,60,45,63.4,5.2,54.2,1.7,3.5,24430
3.4,5.2,0.3,53,42,80.4,2.4,25,2,4.2,29028
0.8,6.5,-2.9,77,59,67.9,8,83.3,1.4,3.1,33334
2,6.6,-2.7,55,42,60.8,3.3,34.4,1,3.2,22428
2,4.1,-2.4,50,35,59,1.3,13.5,2.4,5.2,25007
-1.7,2.6,-4.6,36,27,45.4,9,93.8,2.1,4.3,29243
1.1,6.1,-3.6,44,30,47.6,5.8,60.4,2,3.7,26046
3.8,6.2,1.1,46,31,52.5,0,0,2.9,4.4,18701
2.7,6.8,-5.7,40,29,70.3,0,0,2.9,7.4,22952
-7.9,-4.5,-10.9,27,19,39.3,9.1,94.8,3.1,7.5,18436
-2.2,0.3,-6.5,34,24,64.4,0.8,8.3,0.6,2.6,16236
1,3.8,-0.7,59,45,65.4,0,0,1.2,4,28890
-0.1,4.6,-3.4,66,48,56.9,8.8,90.7,1.7,3.5,30809
1.2,6.1,-2.8,56,41,50.8,7.9,81.4,1.9,4.5,25709
1.3,6.6,-3.2,53,39,45.6,7.1,73.2,1.1,2.9,23206
3.1,4.6,0.6,41,31,65.4,0,0,3.1,5.4,15381
6.3,7.7,4.2,10,8,95,0,0,4,6.3,1920
2.4,8.9,-0.4,26,21,86.1,0,0,3.3,6.3,21522
-1.2,2,-3.1,53,45,65.3,8.7,89.7,2.3,4.3,28711
-0.6,4.2,-4.3,70,59,62.9,7.5,76.5,1.5,3.7,29395
-0.1,3.9,-2.6,54,44,60.9,8.1,82.7,1.9,4.8,23246
-1,2.8,-3.5,50,39,61.5,8.6,87.8,2.4,4.1,19842
-2.9,0.2,-4.7,27,20,51,8.1,82.7,2.3,4.9,26786
-2.3,2.6,-5.7,30,23,45.3,8.5,86.7,1.6,3.3,28435
-2.7,2.2,-6.4,37,27,44.8,9.2,92.9,1.9,4.5,28391
-1.7,3.2,-5.5,44,32,43,8.3,83.8,1.6,4.4,29026
-0.6,4.9,-4.8,58,40,43.9,7.6,76.8,1.5,3.8,29626
0.3,5.9,-4.1,64,44,48.1,9.1,91.9,1.8,4.2,24635
1.9,5.3,-0.4,61,46,62.8,4.8,48.5,2.2,6.1,17682
0.7,5.5,-3.3,56,34,46.8,8.7,87,2.5,5.7,28611
-0.4,5.5,-5.6,42,27,36.9,9.2,92,1.4,3.5,30618
3,7.8,-0.1,43,30,36,3.7,37,1.7,3.2,33011
4.6,9.9,0,62,44,49.3,8.8,88,2,4.7,34466
2.8,7.4,-1.3,72,52,63,8.8,87.1,1.7,3.7,19230
4.3,8.8,0.6,50,38,63.1,3.6,35.6,1.5,3.9,15233
5.5,11.9,-0.2,28,20,56.3,7.3,72.3,2.7,6.1,22685
5.9,7.5,4.8,11,6,48.1,0,0,4.6,7,16836
6.8,9.9,4.3,13,7,49.4,0,0,2.6,5.4,32098
6,9.6,3.2,17,9,46.4,3.1,30.4,2.1,3.6,37990
5.2,10.4,1.4,18,12,47,5.5,53.4,1.8,3,38079
3.9,8.9,1.4,25,17,59.6,6.1,59.2,2.3,4.4,35857
2.6,7.6,-1.2,68,53,66.6,5.3,51.5,1.7,4.7,27151
1.5,5.3,-2.1,74,58,52.3,4.8,46.6,1.8,4.7,22384
-0.4,3,-2.9,26,18,43.6,9.6,92.3,3.1,5.7,29681
-1.6,3.9,-6,25,18,50.3,6.4,61.5,2.8,6.2,23006
-8.3,-4.9,-11,23,13,37.3,9.7,92.4,3.3,5.5,20311
-6.4,0.4,-11.8,37,22,36.4,9.7,92.4,1.9,4,22401
-1.7,2.2,-7.2,35,25,45.1,6.1,58.1,2,3.5,26540
-0.1,3.7,-2.3,42,33,48.1,9.6,90.6,3,5.3,22046
-0.5,4.1,-5.6,37,26,51.1,9.6,90.6,2,4.4,21099
4,9.6,-0.7,50,35,49.4,9.7,91.5,1.7,4.2,33956
6.8,14.6,-0.5,55,36,37,7.6,71,1.6,3.6,40563
7.4,8.2,6.5,49,34,73.4,0,0,2.2,5,10698
6.5,8.7,4.9,76,54,84.8,1.3,12.1,1.7,3.2,34375
8.1,14.7,3.2,86,62,70.3,8.7,80.6,1.2,3,41229
9.8,15.6,6.2,65,49,63,5,46.3,2.7,5,29837
-1.4,7.7,-4.3,28,19,81.1,1.6,14.8,4,6.6,6798
-5.9,-3.9,-7.1,41,20,64.3,3.2,29.4,3.4,5.6,13777
-4.1,1.3,-8.3,24,17,44,10.1,92.7,2.3,4.1,19773
1,6.4,-4.4,33,24,56.8,7.4,67.3,1.5,3.2,32721
4.6,10.8,-0.6,60,45,62.6,9.4,85.5,1.7,3.3,36027
6.7,10.9,2.1,79,62,66.3,1.1,10,2.2,5.3,29779
7,12.2,0.8,35,20,51.8,7.7,69.4,1.6,3.4,36094
6.7,9.4,4.7,23,14,73.5,0.6,5.4,4.2,6.8,15939
6.4,10.4,2.8,18,11,59.6,4.8,42.9,2.1,4,35773
6.1,12.5,1.3,13,8,54,10.4,92,2,4.4,38526
4.5,5.9,3.6,25,18,79.4,0,0,1.4,4.2,12644
7.7,13,4.5,24,17,68.6,9.5,84.1,1.7,4.2,35697
5.8,10.1,3.2,45,32,71.8,0.2,1.8,2,4.7,24431
3.4,7.6,0,39,30,55.3,10,87.7,2.7,4.9,36641
4.8,10.5,0.3,46,35,57,4.1,35.7,2.6,4.7,39447
2.2,4.6,-1.3,47,37,53.4,6.6,57.4,3.7,6.8,31269
1.4,6.3,-2.8,37,30,47.5,10.9,94.8,2.5,4.1,35851
3.7,10.1,-2.5,39,27,46.8,10.6,91.4,1.6,3.6,40897
7,14.2,1.3,53,40,39.5,5.9,50.9,2,4.1,42379
9.3,16.9,2.3,52,40,43.8,10.7,91.5,1.6,4.6,54245
11.1,17.6,4.8,53,39,37.6,7.1,60.7,1.8,4.5,53020
6.4,10.8,3.2,41,32,78.4,0,0,2.8,5.3,10606
3.8,8.3,0,32,15,41.8,11.2,94.9,3.3,5.5,45245
6.8,13.3,0.2,33,14,49.8,8.1,68.6,2.5,5.4,50094
4.9,8.7,-0.1,30,13,41,9.7,81.5,3.3,5.4,43554
3.6,8.6,-2.7,35,19,48.1,10,84,3,6.8,42569
4,8.5,0.2,40,19,48.3,8.5,71.4,3.6,7.8,33215
3.6,9.1,-2.1,23,14,42.4,11.3,94.2,2.8,5.2,42441
6.6,12.3,3.1,46,22,65.8,4.2,35,2.1,5.2,47241
10,17,2.7,64,38,45.8,11.1,91.7,1.8,4.4,62119
9.1,12.1,5.8,56,26,49,7.7,63.6,4.8,8.2,24256
8.8,14,3.1,38,10,39.6,11,90.9,3.1,6.6,53839
12.8,19.5,7.9,53,17,56.5,6.1,50,2,5.1,63759
11,16.5,6.1,41,17,37.5,11.6,95.1,3,5.6,64436
10.6,17,5.4,46,28,37.9,11.5,93.5,1.9,4.8,63686
11.4,17.9,5.3,55,35,35,11.5,93.5,1.8,4,69998
12.5,19.2,6.1,47,31,33.6,9.2,74.2,1.9,5.3,73460
14.8,20.6,8.1,51,32,53.8,4.3,34.7,1.9,5.3,47633
11.9,15.8,6.7,41,21,56.4,7.4,59.7,3.3,5.8,60183
7.7,12.8,4.5,29,8,17.9,9.1,72.8,3.2,5.5,64677
8.7,16.1,1.3,38,17,30.6,11.6,92.8,2,4.6,68430
10.2,16.9,4.3,51,28,38.4,11.7,93.6,1.8,4.1,69293
11.9,18.6,4.7,47,27,34.5,10,79.4,2,4.4,74621
11.3,17.4,6,64,30,35.6,8.6,68.3,3.7,7.3,70258
9.3,15.5,3.4,40,27,41.4,10.6,83.5,2.3,5.5,72129
10,16.3,5.3,55,32,53.8,10.7,84.3,2.7,5.7,74856
8.9,13.3,5,67,29,36.4,10.4,81.3,3.4,6.3,66405
7.2,13.7,1.9,43,23,29.5,12.1,94.5,2.8,5.4,64111
9.3,16.1,2.9,54,24,38.3,11.4,89.1,2.4,5.9,68414
10.6,16.8,6,55,26,56.6,9,69.8,2.5,5.1,73685
9.4,14.2,5.2,40,20,25.5,12.3,95.3,3.5,5.9,72863
8.9,14.7,4.3,44,25,44.6,11.8,91.5,2.8,5.7,73382
10.7,16.8,5.8,40,25,52.6,9.2,70.8,2.4,4.1,75021
9.9,16,6.2,38,23,63.8,8.8,67.7,2.5,4.9,75637
9.9,15.6,4.4,31,21,58.6,8.3,63.4,3.8,7.4,63335
12.4,20.4,4.3,20,12,39.4,12.2,93.1,3.1,5.5,77604
13,19.6,7.6,49,29,46.8,12.1,92.4,2.4,5.3,83798
13.2,20.2,7.2,60,38,39.8,10,75.8,2.2,5.6,89789
16,23.8,8.9,50,30,39.9,10.6,80.3,2.3,4.5,83970
12.5,15.4,10.4,40,21,77.8,0.3,2.3,2.4,4.8,35656
13.5,19.6,8.5,26,13,67.9,10.4,78.2,2.6,4.8,92829
12.3,15.5,9.5,25,16,75.8,0.3,2.3,2.7,5.2,29375
10,13.1,7.6,14,9,73,1.3,9.7,3.3,6.8,56129
7.4,10.4,4.8,32,11,49,10.1,75.4,4.4,8.9,58746
6,8.3,4.1,77,11,46.8,5.3,39.6,4,6.4,51337
7.9,12.8,2.9,41,13,47.8,11.8,87.4,3.7,7.9,64765
9.9,14.3,4.1,37,13,55.6,12,88.9,3.9,8.2,72883
13.1,17.1,9.9,55,22,54.4,8.5,62.5,3.9,7.8,78419
12.3,19,6.8,28,14,43.1,12.5,91.9,3.2,6.5,82600
12.9,18.3,8.7,31,17,49.8,9.7,71.3,2.8,5.5,77149
13.9,19.9,7.8,34,19,50,12.6,92,3,5.5,86541
14.9,21,9.3,44,25,48.6,12.2,89.1,2.6,5.2,88827
17.1,23.4,9.3,35,18,57.1,8.2,59.9,2.7,5.9,96877
20.2,26.2,16.4,52,31,73.6,6.1,44.2,2.7,5.5,93249
20.3,23.9,18,48,28,79.6,0.2,1.4,2.3,4.6,88508
21.8,27.4,17,28,17,68.8,5.9,42.8,2,3.9,89287
20.2,25.3,14.8,32,17,63.9,10.1,72.7,2.7,4.6,93579
16,19.3,13.1,33,17,67.9,3.3,23.7,1.9,5.3,88219
19.4,27.6,11.1,30,15,50,12.8,92.1,2.1,4.4,88561
20.7,26.5,14.9,24,12,32.5,8.7,62.1,2.5,4.3,90645
19.9,27.3,14.3,25,12,32.8,7.5,53.6,2.4,4.5,63474
14.2,16.8,12.7,14,7,94.4,0,0,3.6,5.9,7600
14.4,16.6,12.8,27,18,88.6,0.4,2.8,2.5,4.1,65932
16.5,22,12.4,97,24,61,7.2,51.1,3,5.6,76042
14.3,18.9,10.5,39,12,69.4,5,35.5,2.9,5.4,78200
16.1,21.8,10.2,33,13,47.3,13,92.2,2.8,6.5,89183
19.3,25.4,12.4,37,14,35.4,6.6,46.5,2,4.3,89149
16.1,20.2,14.1,38,12,81.4,0,0,3,5.3,13782
16.7,20.3,15,25,13,90.3,0.6,4.2,1.6,3.3,64549
19.1,24.9,14.6,40,26,80.1,3.9,27.3,1.7,4.3,89449
19.1,26.8,13.2,41,25,79.4,3.2,22.4,2.4,7.2,36761
13,17.1,10.1,18,8,73.6,3,21,3.2,7.2,55556
14.4,20.1,9.2,8,4,60.4,4.5,31.5,1.9,3,88257
17.4,22.9,10.9,20,11,56.1,9.4,65.3,2.1,3.3,93930
18.5,22.7,14.8,42,28,68.5,0.7,4.9,1.9,4.9,89317
20.1,25,16.6,44,30,66.1,6.8,47.2,2.2,4.7,101256
17.1,20.2,14.3,25,17,84.8,1.1,7.6,2.9,6.5,80357
16.6,21.3,13.7,34,23,81,2.5,17.2,2.1,3.8,92531
16.2,22.9,12.7,39,24,81.9,4.8,33.1,2.1,5.4,68498
17.4,23.9,11.8,22,14,68.5,13.2,91,2.6,5.9,101949
18.7,23.4,14.2,30,20,62.8,8.4,57.9,1.9,3.9,99792
20.7,27.6,14.6,33,21,65.6,12.7,87.6,2,4.1,103999
22.6,30,16.5,37,25,57.3,11.3,77.4,1.9,4.3,105172
21.2,28,17.6,40,29,63,5,34.2,2.3,5.7,93547
19.7,24.5,16.6,18,10,64.3,11.5,78.8,3.4,6.2,99930
17.9,21.8,14.8,23,13,71,0.2,1.4,2.2,4.1,79833
22,28.4,17.6,46,24,73.3,9.5,65.1,2.4,5.6,103887
21.9,26.5,19.7,52,25,81.1,4.7,32.2,2.7,4.7,97656
23,28.7,18.4,43,23,69.4,8.8,59.9,1.8,3.8,107343
24.6,30.9,19.2,49,30,63.6,8.6,58.5,2,4.4,105033
22.7,29.2,19.2,48,28,69.4,9.2,62.6,2.3,5.1,101848
25,32,19.8,42,25,63.6,11.3,76.9,2.1,5.5,103582
26.7,32.8,20.3,52,25,51.6,12.9,87.8,2.3,4.3,102084
25.8,32.1,22.5,48,26,63.8,5.2,35.4,2,6.2,58133
26.1,31.6,21.7,31,19,68.3,8,54.4,2.2,4.6,100031
24.7,27.6,21.6,47,22,68.6,0.5,3.4,1.7,3,109210
26.9,33.5,20.6,57,28,52.8,9.7,66,1.9,5,90396
24,28.8,20.1,38,22,70.6,8.1,54.7,2.9,5.9,94406
23,28.6,18.2,26,15,62.3,10.1,68.2,2.8,6.3,108320
24.4,30.7,20,53,37,63,7.5,50.7,2.2,4.4,106519
24.3,30.3,20.2,51,33,58.6,5.9,39.9,2,4.3,107723
23.4,27.3,20.3,35,21,61.4,0.1,0.7,1.6,3.4,110377
24.7,30,21.1,24,15,61.4,6,40.5,2.1,4.2,109124
24.9,29.7,20.7,38,24,62.6,11.7,79.1,2.1,4.6,102333
26.1,32.7,19.5,33,22,59.5,13.5,91.2,2,4.5,95453
28.6,35.4,21.7,40,24,50.5,13.3,89.9,2,4.1,98394
27.3,31,23.2,40,24,53.5,5.1,34.5,1.9,3.7,103214
22.3,26.3,19.9,34,21,83.5,0,0,2.7,5.7,19756
21.6,23.4,20.1,13,8,91,0.1,0.7,2.2,4.3,46415
21.8,25.7,19.2,23,14,82.1,3.1,20.9,3.2,5.3,96150
24.1,29.6,20.4,25,17,70.4,7.4,50,2,5.4,107001
25.2,30.1,21.5,30,19,70.5,12.4,83.8,2.4,4.7,98568
23.8,26.5,20.6,35,24,77,1.7,11.6,2.4,5.9,70053
20.1,23.1,18.4,9,5,83,0,0,4,7.6,38086
21.1,24.3,18.1,19,11,79.3,0.2,1.4,1.9,3.7,105196
24.2,29.8,20.4,51,34,74.5,5.4,36.7,1.9,3.4,107842
25.5,30.6,21.6,52,32,63.5,9.6,65.3,2.6,6.1,102753
24.2,29.5,20.4,24,15,63.9,9.5,64.6,2.1,4.4,98488
23.8,27.6,19.9,29,22,68.6,6.4,43.5,1.9,3.5,104664
25.6,30.9,21.8,24,18,66.6,5,34,2.1,4.7,106825
24.1,28.1,22.1,17,11,75.5,4,27.4,2.5,4,91407
25.5,30.4,21.3,32,20,71.9,10,68.5,2,3.7,105876
27.5,32.9,21.8,42,29,64.6,7.7,52.7,1.7,3.6,102828
24.5,27.7,22.7,16,11,75,3.1,21.2,2.8,6.6,90880
25.8,30.2,22.2,8,4,62.6,6.6,45.2,2.6,5,103657
23.5,26,21.7,13,9,71.9,0,0,2.4,3.6,57367
18.7,21.7,17.7,9,6,94.8,0,0,4,5.9,4859
20.3,24.3,17.2,7,3,79.4,0.1,0.7,2.8,4.4,85486
23.4,28.7,18.9,13,6,63.1,9.3,64.1,2,3.4,106949
25,29.7,20.4,29,18,70.9,10.2,70.3,1.8,3.5,102741
26,31.6,21.5,38,25,72,7.5,51.7,1.9,5.6,99949
26.1,31,22.8,43,30,71.6,4.3,29.7,1.6,4,98309
24,26.6,20.6,21,15,81.6,0,0,2.7,4.3,60804
23.8,26.6,22.4,18,11,86.3,0,0,3.7,7,72291
25,30.5,21.4,29,21,77,4,27.8,1.6,4.2,100825
23.7,25.7,22.6,24,16,89.3,0,0,1.6,3.4,46448
21.1,22.6,18.5,20,12,95.5,0,0,3.6,8.3,10739
22.5,26.8,18.7,6,3,74.3,1,7,4.6,8.7,76995
24.3,29,22.3,5,2,69.3,1.9,13.3,3.1,6.1,102498
25.4,29.6,21.6,8,5,69.3,5.6,39.2,2,3.3,94802
24.3,25.5,22.9,12,8,86.4,0,0,2.2,3.2,52922
24.4,26.4,22.7,13,7,84.8,0,0,2,3.1,68214
23.7,24.9,22.6,12,6,95.8,0,0,2,3.4,31724
25.3,28.4,23.4,21,14,85.5,3,21.3,2.1,3.8,92468
26.2,29.6,22.8,24,17,81.9,5,35.5,2,4.6,95705
25.3,26.9,24.3,15,9,90.9,0,0,1.7,4.9,34998
24.9,26.4,23.5,13,6,96.3,0,0,2.3,7.5,11491
25,26.3,23.9,16,11,96.3,0,0,3,8.3,17575
27,29.4,25,40,26,89.3,0.4,2.9,3.5,5.7,49378
26.5,29.1,25.5,37,23,92.1,0.1,0.7,1.9,4.6,28751
24.1,26,22.9,16,9,92.8,0.2,1.4,3.3,6.5,51456
24.3,26.1,22.6,29,19,85.3,0,0,1.8,3.3,78071
24.2,26.1,22.7,15,9,89.5,1.8,12.9,2.3,3.7,40020
24.9,25.8,23.7,9,5,95.4,0,0,2.6,6.8,12384
26.5,29.5,24.7,13,7,91.6,0.2,1.4,2,4.3,23519
24.6,27.3,22.4,10,7,92.5,0.5,3.6,2.2,4.7,50974
27.2,31.3,23.5,22,14,83.9,2.1,15.3,1.9,4.3,78261
28,30.3,26.3,26,13,82.4,0.2,1.5,2.5,4.9,79353
27.1,28,26.5,32,19,86.1,0,0,3.5,5.7,72875
26.1,27,25,41,28,96,0,0,1.9,5.6,26267
27.4,30.8,25.3,22,15,82.6,2.4,17.6,3,5.2,66011
28.2,32.2,26.1,26,18,77.9,5.8,43,2.3,4.1,73368
27.5,31.9,24,34,24,76.3,7.9,58.5,1.6,3.6,82202
27.1,31.4,23.6,43,31,76.8,9.4,69.6,2,4.4,84665
27.7,31.7,25,39,28,76,3.1,23.1,1.7,4.2,85420
26.6,29.2,25.2,29,22,83.1,0.8,6,1.6,3.5,78701
24.3,27.6,21.7,17,11,87.4,0.6,4.5,2.1,5.5,40126
25.3,29.9,21.5,13,8,78.4,6.8,51.1,1.9,3.9,80594
27.8,32,23.7,25,17,71.6,8.8,66.2,2.2,4.9,90297
29.9,34.5,26,32,25,69.5,7.6,57.6,2.1,4.6,87894
30.2,34.5,27,28,18,68.3,7.5,56.8,3.4,6.5,40169
27.1,28.6,25.6,21,12,84.6,0.5,3.8,3.6,7,32745
27.3,29.7,26,23,16,89.1,2,15.3,1.6,4.4,62045
26.8,29,25.5,17,11,90.1,1.7,13,1.3,4,33797
26.8,30.6,24.4,14,11,88.8,2.4,18.3,2.1,4.8,52904
26.4,30,23.8,13,4,77.9,1.9,14.6,2.8,4.3,87662
26.6,29.5,23.8,20,8,72.4,1,7.7,1.9,3.6,87892
24.3,26.4,22.6,16,9,91.3,0,0,2.3,4,13744
22.7,25.6,20,15,6,82,2.8,21.7,4.8,9.8,71524
23.3,27.5,19.9,24,11,63.9,10.1,78.3,2.7,5.6,115059
23.3,27.3,19.2,30,20,66.6,3.3,25.8,2,3.5,113253
21.7,24.4,19.5,26,16,80,0,0,2.7,4.8,54125
19.2,20.6,17.5,8,4,93.5,0,0,4.2,7.9,3144
23.4,26.5,20.6,24,12,71.5,9.5,74.8,4.2,7,104606
21.1,25.3,19,30,20,83.4,3.1,24.4,2.1,7.6,75412
22.8,27,18.8,26,17,75.8,9,71.4,2,4.2,107150
22.4,27.1,19.2,28,18,72.6,4.5,35.7,2.8,4.9,61474
20.2,23.2,18.1,12,7,83.8,0,0,2,3.9,44703
21.5,26.6,16.7,9,4,70.4,9.8,78.4,1.9,3.5,118921
21.3,24.9,17.6,21,14,79.3,5.7,45.6,1.8,4.3,106465
23,27.7,18.9,35,23,76.4,5.1,41.1,1.6,3.3,111912
22.5,24.9,21.3,26,17,79.9,0.3,2.4,1.9,3.4,88745
21.3,23.6,20.1,22,10,70.3,0.7,5.6,2.1,3.7,110088
21.5,25.8,18.1,22,8,62,9.8,79.7,2.8,6,118363
21.2,26.2,17.6,21,9,59.3,9.7,78.9,2.2,5.3,117633
19.7,24.9,15.6,18,10,57.6,11.4,93.4,2,4.9,110798
19.1,25.3,13.6,23,14,56.1,9.6,78.7,1.7,2.9,108369
20.2,25.6,15.5,19,10,55.3,10.7,87.7,2.8,4.6,112619
19.2,23.8,15.2,14,4,59.9,7.2,59.5,3.3,5.3,111343
20.6,25.4,16.8,14,4,59.6,8,66.1,3.7,5.7,111994
20.1,25.4,16.6,16,6,64.1,3.5,28.9,2.5,4.9,114720
19.3,24.8,14.8,17,6,62.5,8,66.7,2.4,6.2,115111
20.4,25.8,14.9,15,7,63.3,9.8,81.7,2,3.9,109610
20.7,26.5,15.7,25,14,66,10.5,88.2,2,3.6,107714
19.6,23.9,15.3,28,17,67.6,6.3,52.9,1.9,4.3,113823
19.6,25.7,16.2,30,19,78,4.9,41.5,1.7,4.1,71676
18.8,23.6,15.6,15,10,74.9,2.5,21.2,2.1,4.7,82099
19.2,21.9,16.3,23,15,79.6,1.9,16.1,2.3,5.2,75275
19.9,23.2,18.3,32,20,72.5,1.8,15.4,1.6,3.6,97726
16.6,21.8,10.6,23,13,65.1,4.3,36.8,2.8,7.2,86091
13.3,18.4,8.5,21,9,57.3,10.5,90.5,2.5,5.1,93156
14.2,19.7,9.3,20,10,55.9,10.8,93.1,2,4.1,100369
16,22,9.9,25,12,48.9,8.9,76.7,1.9,3.4,103348
17.2,23.1,12.1,18,9,53,10.8,93.9,3.1,5.4,105509
17.2,23.3,12.4,18,9,53.4,10.6,92.2,3,5.2,104087
16.9,21.5,12.3,21,10,60.1,7.6,66.7,2,3.8,104678
16.9,20.8,12.7,22,13,68.5,4.9,43,1.8,4.1,95405
16.2,21.3,12.1,40,21,68.6,7.5,65.8,2.2,4.6,97721
13.6,18.4,8.6,28,12,52.3,7.1,62.8,2.2,4.7,97160
12.8,18,8.5,39,15,47,5.8,51.3,2.4,5.8,92998
11.7,18.5,6.5,35,12,41.8,7.2,63.7,1.5,3.7,92555
11.8,15.4,8.6,41,22,64.3,0,0,1.5,2.5,92609
13.1,18.6,8.7,35,20,64.3,10.1,90.2,1.8,4.3,94840
13.6,20.2,7.2,29,16,65.5,9.7,87.4,2,3.9,89401
15.1,21.3,9.8,60,32,74.4,9.8,88.3,1.7,3.4,95110
15.2,21.7,9.9,67,39,67.1,10,90.1,1.6,3.1,98577
14.1,17.3,11.8,44,25,69.4,0.1,0.9,1.9,3.8,96566
13.5,18.2,8.4,82,36,66,5.4,49.1,2.8,5.7,92100
8.6,13.3,5.4,29,11,51.5,9.9,90.8,3,5.5,84672
8.7,14,3.2,28,12,47.6,9.9,90.8,2.5,5.9,77452
11.8,18.2,5.4,28,15,62.5,8.8,80.7,1.7,3.8,80497
12.9,19,8,53,28,71.6,9.2,85.2,1.6,4.4,92374
14,19.4,9,79,46,74.1,8.3,76.9,1.8,3.4,95411
13.8,18.2,8.6,46,22,52.1,9.2,85.2,2.5,4.8,95033
10.8,16.1,5.5,39,15,40.3,9,84.1,2,4.5,92267
11.9,19.6,5.8,47,21,42.9,9.7,90.7,1.5,3.2,97088
13.6,18.2,8.5,29,15,60.3,5.8,54.2,2.6,5,89444
13.7,15,11.6,41,23,84.3,0,0,2.3,4.5,32925
10.8,15.6,7.9,50,17,58.3,9.6,90.6,2.3,4.9,86705
5.1,8.6,2.7,24,9,47.5,9.2,86.8,3.5,8.4,69439
4.9,10.8,0.2,34,13,43.9,9.6,91.4,2.3,4.2,74159
9.6,15.9,3.4,41,17,61.5,8.4,80,1.8,3,85090
13.5,17.2,9.9,47,25,63.3,0.3,2.9,1.7,3.3,91815
14.6,18.1,12.2,89,38,68.8,7,67.3,2.7,4.9,84151
8.5,12.4,3.1,67,16,43.8,9.5,91.3,3.1,6.2,62244
5.5,8.9,0.7,28,9,40.9,6,58.3,1.8,4,73482
7.7,12.9,3.5,28,11,56.1,9.6,93.2,2.2,5,81965
9.3,16.5,3.5,43,22,53.5,9.6,93.2,1.6,2.6,86595
10.4,17.7,4.6,66,40,56.9,9.4,91.3,1.7,3.4,88193
12.2,17.6,8.5,73,44,71.5,5.5,53.9,1.6,3,90754
12.5,19.3,6.8,67,42,66.9,8,78.4,1.7,4,81553
11.1,14.9,8.2,72,48,75,6.8,66.7,1.7,3.7,69098
12.4,18.3,7.5,70,44,70.1,8.4,83.2,1.6,4.1,87583
15.9,20,11.7,62,40,67.5,1.3,12.9,2.3,4.5,81258
16.6,18.7,14.8,45,29,91.4,0,0,2.6,3.6,44452
13.6,19.1,6.9,19,11,90.5,0,0,4.2,7.3,34590
2.8,7,0.3,23,14,74.3,0,0,3.2,5.6,60332
6.5,12.8,-0.3,28,20,67.9,6.6,66,2.1,4.8,60290
5.6,9.1,1.5,28,20,80.5,0.4,4,2.5,5.7,34828
1.7,5.9,-1.5,27,17,61.4,9.2,92,2.3,4.9,58766
2.9,6.4,0.2,28,17,54.5,1.3,13.1,1.8,3.8,61865
4.6,9.5,0,38,24,64.1,4.6,46.5,1.5,3,64921
5.6,10.9,1.9,58,38,66.5,6.6,66.7,1.7,3.6,64297
4.1,7.7,0.6,45,30,61.6,5,50.5,2.7,5.3,58092
-0.1,2.8,-2.3,24,14,50,9,91.8,2.8,5.3,38492
-0.6,2.6,-3.6,26,16,59.6,1.5,15.3,2.2,4.5,32211
-0.2,4.3,-3.6,28,18,57.8,9.1,92.9,1.9,4.6,49925
1.1,6.7,-3.6,32,21,44.5,7.3,74.5,1.9,4,53885
2.4,6.1,0.5,34,20,41.4,3.4,34.7,1.8,3.9,55611
0.7,4.2,-2.3,26,17,47.1,9.1,93.8,2.7,4.9,51533
-0.6,4.4,-4.6,30,19,53.8,9,92.8,1.8,4.3,50915
2.1,6.6,-2.2,36,23,63.1,5.1,52.6,1.7,3.9,42953
4.5,9.1,1.2,45,33,66.9,6,61.9,1.8,4.3,40616
3.4,6.3,-0.7,56,41,57.5,7.4,76.3,2.6,5.6,49809
-0.5,4.1,-3.5,23,14,50,8.7,89.7,2,3.9,47614
1.5,6.2,-4.1,39,25,55.1,5.9,60.8,1.5,3,50476
5.8,9.3,3.2,63,44,69.9,1.1,11.5,1.7,3.5,53421
5.3,9.4,2.6,109,75,77.1,2.4,25,1.8,4.5,53536
2.3,6.1,-0.3,56,35,51.3,8.6,89.6,2.1,4.8,42146
-1.1,2,-6,36,25,74.9,1.1,11.5,2.9,6.1,14362
-7.7,-5,-9.7,23,12,49.1,8.9,92.7,3.4,5.3,28030
-8.3,-4.6,-11.1,19,11,43,9,93.8,2.8,5.2,28028
-8.3,-3.9,-11.2,22,13,43.9,9,93.8,2.6,4.6,27678
-4.9,0.8,-11.1,30,20,47,9,93.8,1.7,3.7,32315
-2.1,1.8,-6.4,36,24,57,5.5,57.3,3,5.4,30195
-5.1,-1.2,-9.6,27,14,45.1,9,93.8,2.4,5.1,24130
-3.7,1.1,-8.2,27,16,50.4,9.1,94.8,2,4.4,23442
-1,4.7,-6,42,29,64.1,8.8,91.7,1.6,3.7,37286
2,7.2,-2.5,56,39,67.6,5.2,54.2,2,4.7,42486
4.5,8.5,-0.4,72,51,76.6,1.7,17.7,2.3,5.1,42218
2.6,6.1,-2,67,39,61.5,7.9,82.3,2.9,6.5,41102
-0.8,3.5,-4.7,30,16,51.9,9,93.8,2.1,4.7,28600
2.2,8,-2.1,58,31,65.8,8.2,85.4,1.8,3.9,37137
5.8,10,1.4,70,42,62.9,5.9,61.5,1.8,2.8,37103
6.7,11.4,4.2,66,44,72.1,8,83.3,1.4,3.1,46912
0.1,4.3,-6.2,69,46,70.8,0,0,2.9,6.1,35747
-10.9,-6.2,-12.9,39,15,55.5,8.3,86.5,4.1,6.2,22488
-8.9,-5,-12.9,28,12,53.9,6,62.5,2.4,4.2,24535
